uid,category,id,name,name_status,complete,issues,type,type_label,seed_id,plant_id,asset_name,price,price_id,required_level,source,image,image_file,image_source_type
item:1001,item,1001,金币,ok,true,,2,currency,,,,0,0,0,ItemInfo,/miniapp-assets-cache/72b3cd90c72de63cf8987de1c05f7090713e516d.png,images/item_1001_eca0e514f3.png,local_route
item:1002,item,1002,点券,ok,true,,2,currency,,,,0,0,0,ItemInfo,/miniapp-assets-cache/730806d489665b8a2e5e6de1fbdfd577d5a03f0b.png,images/item_1002_fd2dce6949.png,local_route
item:1003,item,1003,累计充值,ok,true,,2,currency,,,,0,0,0,ItemInfo,/miniapp-assets-cache/730806d489665b8a2e5e6de1fbdfd577d5a03f0b.png,images/item_1003_fd2dce6949.png,local_route
item:1004,item,1004,钻石,ok,true,,15,diamond,,,,0,0,0,ItemInfo,/miniapp-assets-cache/36bb473b7272a1f65ffedbb33832e42eac708a19.png,images/item_1004_ea95e743da.png,local_route
item:1005,item,1005,金豆豆,ok,true,,2,currency,,,,0,0,0,ItemInfo,/miniapp-assets-cache/8822dfe69208062d84f09ee37729b7f5e18323f6.png,images/item_1005_e5c36770a0.png,local_route
item:1011,item,1011,普通化肥容器,ok,true,,2,currency,,,,0,0,0,ItemInfo,/miniapp-assets-cache/5b34dd8770f57e18e55933b25c09980439109fc4.png,images/item_1011_e4b42481af.png,local_route
item:1012,item,1012,有机化肥容器,ok,true,,2,currency,,,,0,0,0,ItemInfo,/miniapp-assets-cache/639125e792d4fe63176829e5cd352509c590c2c3.png,images/item_1012_eda4d43c59.png,local_route
item:1013,item,1013,友谊果实,ok,true,,2,currency,,,,0,0,0,ItemInfo,/miniapp-assets-cache/ba6936a5ba7a3a2e6604f54c5c5109691cb31cb3.png,images/item_1013_9093c319a6.png,local_route
item:1014,item,1014,穗华,ok,true,,2,currency,,,,0,0,0,ItemInfo,/miniapp-assets-cache/3df51270a5cabd673442a6be2dfe3ccbc7184ded.png,images/item_1014_6909229ee7.png,local_route
item:1015,item,1015,幸运币,ok,true,,2,currency,,,,0,0,0,ItemInfo,/miniapp-assets-cache/cdf8acc436b26388b05617dabadea366cac65627.png,images/item_1015_b366d6a5b6.png,local_route
item:1016,item,1016,青团,ok,true,,19,event_item,,,,100,1001,0,ItemInfo,/miniapp-assets-cache/cf48d7afa90f33eea24b7be32b72dce73563b225.png,images/item_1016_91c45c1597.png,local_route
item:1017,item,1017,南瓜印章,ok,true,,19,event_item,,,,0,0,0,ItemInfo+ActivityItemOverrides,/miniapp-assets-cache/02f6a4799fa7524db761637a475f92b4559f05ee.png,images/item_1017_8ca6df0f47.png,local_route
item:1101,item,1101,种植经验,ok,true,,3,unknown,,,,0,0,0,ItemInfo,/miniapp-assets-cache/9f84b3eb3a38301f3bee0921c1e0bb8801b2d6ff.png,images/item_1101_cb3e43b14e.png,local_route
item:2101,item,2101,头像框1,ok,false,missing_image,10,avatar_frame,,,Crop_2101,0,0,0,ItemInfo,,,
item:2102,item,2102,头像框2,ok,false,missing_image,10,avatar_frame,,,Crop_2102,0,0,0,ItemInfo,,,
item:2103,item,2103,头像框3,ok,false,missing_image,10,avatar_frame,,,Crop_2103,0,0,0,ItemInfo,,,
item:2110,item,2110,农场元老内测框,ok,true,,10,avatar_frame,,,,0,0,0,ItemInfo,/miniapp-assets-cache/7586aae42961c32365d0685516ec306aeb91d2db.png,images/item_2110_762f9ccebd.png,local_route
item:2120,item,2120,金穗至尊SVIP框,ok,true,,10,avatar_frame,,,,0,0,0,ItemInfo,/miniapp-assets-cache/7593967212a3a99c27f0ac0ae6a05bf6be6b765a.png,images/item_2120_70339cc98f.png,local_route
item:2130,item,2130,萌宠柯基头像框,ok,true,,10,avatar_frame,,,,0,0,0,ItemInfo,/miniapp-assets-cache/9cd354d86a859a339400946a9b19b42ef757080f.png,images/item_2130_e0c0d49420.png,local_route
item:2131,item,2131,春耕纪头像框,ok,true,,10,avatar_frame,,,,0,0,0,ItemInfo,/miniapp-assets-cache/a13ea25f2cc319037819a4030c969961763d8b35.png,images/item_2131_92fb50ea29.png,local_route
item:2140,item,2140,同气连枝头像框,ok,true,,10,avatar_frame,,,,0,0,0,ItemInfo,/miniapp-assets-cache/e064e1131819ae6d81f320a85dfe0eaaaa109538.png,images/item_2140_c2fa08cbee.png,local_route
item:2141,item,2141,护主犬头像框,ok,true,,10,avatar_frame,,,,0,0,0,ItemInfo,/miniapp-assets-cache/364adc9dbf1c94e9ba5c00ef51f6b924dc340a2c.png,images/item_2141_f176db5275.png,local_route
item:2150,item,2150,哈哈南瓜头像框,ok,true,,10,avatar_frame,,,,0,0,0,ItemInfo,/miniapp-assets-cache/cbbd981862708690c5a415279eed48220abb2d56.png,images/item_2150_88f28cb2b1.png,local_route
item:3001,item,3001,普通收藏点,ok,true,,12,unknown,,,,0,0,0,ItemInfo,/miniapp-assets-cache/730806d489665b8a2e5e6de1fbdfd577d5a03f0b.png,images/item_3001_fd2dce6949.png,local_route
item:3002,item,3002,典藏收藏点,ok,true,,12,unknown,,,,0,0,0,ItemInfo,/miniapp-assets-cache/730806d489665b8a2e5e6de1fbdfd577d5a03f0b.png,images/item_3002_fd2dce6949.png,local_route
item:4001,item,4001,手札活跃点,ok,true,,13,unknown,,,,0,0,0,ItemInfo,/miniapp-assets-cache/d6a835f3bdc634904816b249289e58daa551b624.png,images/item_4001_1acf77adcf.png,local_route
item:10000,item,10000,更新版本可见,ok,false,missing_image,1,system,,,,0,0,0,ItemInfo,,,
item:10001,item,10001,收获,ok,true,,4,unknown,,,,0,0,0,ItemInfo,/miniapp-assets-cache/2f2fb446b57d4487400e4b3997bee33e20e8870f.png,images/item_10001_2c085337ac.png,local_route
item:10002,item,10002,铲除,ok,true,,4,unknown,,,,0,0,0,ItemInfo,/miniapp-assets-cache/07664226225f17ea1fc5b4f7d2c686eb13b59c56.png,images/item_10002_371e398a6d.png,local_route
item:10003,item,10003,放草,ok,true,,4,unknown,,,,0,0,0,ItemInfo,/miniapp-assets-cache/e26152a37fd070bf3f324fd593ec10a966288736.png,images/item_10003_099fe5d1d2.png,local_route
item:10004,item,10004,放虫,ok,true,,4,unknown,,,,0,0,0,ItemInfo,/miniapp-assets-cache/278627d53f701af9b9c8fc6b46f4f00ff5816624.png,images/item_10004_f660a44ee2.png,local_route
item:10005,item,10005,除草,ok,true,,4,unknown,,,,0,0,0,ItemInfo,/miniapp-assets-cache/56bdf8faabbcbacccc7570b416252c7c47c845d8.png,images/item_10005_6944f078bc.png,local_route
item:10006,item,10006,除虫,ok,true,,4,unknown,,,,0,0,0,ItemInfo,/miniapp-assets-cache/f596f25d0a1ac3dbbd84274227f88a0b543daf5b.png,images/item_10006_d96b57e684.png,local_route
item:10007,item,10007,浇水,ok,true,,4,unknown,,,,0,0,0,ItemInfo,/miniapp-assets-cache/0206a06a7bc3df202d803a3aa38d8164d128faee.png,images/item_10007_ff870af9d5.png,local_route
item:10008,item,10008,摘菜,ok,true,,4,unknown,,,,0,0,0,ItemInfo,/miniapp-assets-cache/27dc934dc8f411cf535783249f1d6c83c6eb9280.png,images/item_10008_472cd601b2.png,local_route
item:20001,item,20001,草莓种子,ok,true,,5,seed,,,Crop_1,1120,0,38,ItemInfo+live-seed-catalog,/game-config/seed_images_named/20001_%E8%8D%89%E8%8E%93_Crop_1_Seed.png,images/item_20001_62bada5173.png,local_route
item:20002,item,20002,白萝卜种子,ok,true,,5,seed,,,Crop_2,1,0,1,ItemInfo+live-seed-catalog,/game-config/seed_images_named/29999_%E7%99%BD%E8%90%9D%E5%8D%9C_Crop_2_Seed.png,images/item_20002_de77ec1e62.png,local_route
item:20003,item,20003,胡萝卜种子,ok,true,,5,seed,,,Crop_3,2,0,2,ItemInfo+live-seed-catalog,/game-config/seed_images_named/20003_%E8%83%A1%E8%90%9D%E5%8D%9C_Crop_3_Seed.png,images/item_20003_3bd7efa1a2.png,local_route
item:20004,item,20004,玉米种子,ok,true,,5,seed,,,Crop_4,84,0,8,ItemInfo+live-seed-catalog,/game-config/seed_images_named/20004_%E7%8E%89%E7%B1%B3_Crop_4_Seed.png,images/item_20004_d2c23522d4.png,local_route
item:20005,item,20005,土豆种子,ok,true,,5,seed,,,Crop_5,134,0,10,ItemInfo+live-seed-catalog,/game-config/seed_images_named/20005_%E5%9C%9F%E8%B1%86_Crop_5_Seed.png,images/item_20005_1a908e26cf.png,local_route
item:20006,item,20006,茄子种子,ok,true,,5,seed,,,Crop_6,576,0,14,ItemInfo+live-seed-catalog,/game-config/seed_images_named/20006_%E8%8C%84%E5%AD%90_Crop_6_Seed.png,images/item_20006_4015d15bf2.png,local_route
item:20007,item,20007,番茄种子,ok,true,,5,seed,,,Crop_7,640,0,18,ItemInfo+live-seed-catalog,/game-config/seed_images_named/20007_%E7%95%AA%E8%8C%84_Crop_7_Seed.png,images/item_20007_bb601ff4dd.png,local_route
item:20008,item,20008,豌豆种子,ok,true,,5,seed,,,Crop_8,704,0,22,ItemInfo+live-seed-catalog,/game-config/seed_images_named/20008_%E8%B1%8C%E8%B1%86_Crop_8_Seed.png,images/item_20008_f7ade8bb60.png,local_route
item:20009,item,20009,辣椒种子,ok,true,,5,seed,,,Crop_9,888,0,30,ItemInfo+live-seed-catalog,/game-config/seed_images_named/20009_%E8%BE%A3%E6%A4%92_Crop_9_Seed.png,images/item_20009_66dfe1d44b.png,local_route
item:20010,item,20010,南瓜种子,ok,true,,5,seed,,,Crop_10,992,0,34,ItemInfo+live-seed-catalog,/game-config/seed_images_named/20010_%E5%8D%97%E7%93%9C_Crop_10_Seed.png,images/item_20010_0a52b3c97c.png,local_route
item:20011,item,20011,苹果种子,ok,true,,5,seed,,,Crop_11,1680,0,39,ItemInfo+live-seed-catalog,/game-config/seed_images_named/20011_%E8%8B%B9%E6%9E%9C_Crop_11_Seed.png,images/item_20011_4564c1b628.png,local_route
item:20013,item,20013,葡萄种子,ok,true,,5,seed,,,Crop_13,1728,0,54,ItemInfo+live-seed-catalog,/game-config/seed_images_named/20013_%E8%91%A1%E8%90%84_Crop_13_Seed.png,images/item_20013_48362af46f.png,local_route
item:20014,item,20014,西瓜种子,ok,true,,5,seed,,,Crop_14,1400,0,46,ItemInfo+live-seed-catalog,/game-config/seed_images_named/20014_%E8%A5%BF%E7%93%9C_Crop_14_Seed.png,images/item_20014_2fbbe0edb0.png,local_route
item:20015,item,20015,香蕉种子,ok,true,,5,seed,,,Crop_15,4200,0,48,ItemInfo+live-seed-catalog,/game-config/seed_images_named/20015_%E9%A6%99%E8%95%89_Crop_15_Seed.png,images/item_20015_40937a2946.png,local_route
item:20016,item,20016,菠萝蜜种子,ok,true,,5,seed,,,Crop_16,4680,0,134,ItemInfo,/game-config/seed_images_named/20016_%E8%8F%A0%E8%90%9D%E8%9C%9C_Crop_16_Seed.png,images/item_20016_e61d93343e.png,local_route
item:20018,item,20018,桃子种子,ok,true,,5,seed,,,Crop_18,1560,0,50,ItemInfo+live-seed-catalog,/game-config/seed_images_named/20018_%E6%A1%83%E5%AD%90_Crop_18_Seed.png,images/item_20018_007c28e813.png,local_route
item:20019,item,20019,橙子种子,ok,true,,5,seed,,,Crop_19,4680,0,52,ItemInfo+live-seed-catalog,/game-config/seed_images_named/20019_%E6%A9%99%E5%AD%90_Crop_19_Seed.png,images/item_20019_51526ac5b1.png,local_route
item:20022,item,20022,鳄梨种子,ok,true,,5,seed,,,Crop_22,14040,0,138,ItemInfo+live-seed-catalog,/game-config/seed_images_named/20022_%E9%B3%84%E6%A2%A8_Crop_22_Seed.png,images/item_20022_b323b80a65.png,local_route
item:20023,item,20023,石榴种子,ok,true,,5,seed,,,Crop_23,1920,0,58,ItemInfo+live-seed-catalog,/game-config/seed_images_named/20023_%E7%9F%B3%E6%A6%B4_Crop_23_Seed.png,images/item_20023_4e19aa8794.png,local_route
item:20025,item,20025,银杏树苗种子,ok,true,,5,seed,,,Crop_25,1000,0,200,ItemInfo+live-seed-catalog,/game-config/seed_images_named/Crop_25_Seed.png,images/item_20025_60d32f550f.png,local_route
item:20026,item,20026,柚子种子,ok,true,,5,seed,,,Crop_26,5760,0,60,ItemInfo+live-seed-catalog,/game-config/seed_images_named/20026_%E6%9F%9A%E5%AD%90_Crop_26_Seed.png,images/item_20026_32c3ea8f86.png,local_route
item:20027,item,20027,菠萝种子,ok,true,,5,seed,,,Crop_27,3168,0,62,ItemInfo+live-seed-catalog,/game-config/seed_images_named/20027_%E8%8F%A0%E8%90%9D_Crop_27_Seed.png,images/item_20027_385d836852.png,local_route
item:20029,item,20029,椰子种子,ok,true,,5,seed,,,Crop_29,1746,0,65,ItemInfo+live-seed-catalog,/game-config/seed_images_named/20029_%E6%A4%B0%E5%AD%90_Crop_29_Seed.png,images/item_20029_7b2f76f4ed.png,local_route
item:20031,item,20031,葫芦种子,ok,true,,5,seed,,,Crop_31,10476,0,68,ItemInfo+live-seed-catalog,/game-config/seed_images_named/20031_%E8%91%AB%E8%8A%A6_Crop_31_Seed.png,images/item_20031_d4d80097e5.png,local_route
item:20033,item,20033,火龙果种子,ok,true,,5,seed,,,Crop_33,11484,0,72,ItemInfo+live-seed-catalog,/game-config/seed_images_named/20033_%E7%81%AB%E9%BE%99%E6%9E%9C_Crop_33_Seed.png,images/item_20033_a7c5e2cc3e.png,local_route
item:20034,item,20034,樱桃种子,ok,true,,5,seed,,,Crop_34,4176,0,74,ItemInfo+live-seed-catalog,/game-config/seed_images_named/20034_%E6%A8%B1%E6%A1%83_Crop_34_Seed.png,images/item_20034_3b821fc886.png,local_route
item:20035,item,20035,荔枝种子,ok,true,,5,seed,,,Crop_35,12528,0,76,ItemInfo+live-seed-catalog,/game-config/seed_images_named/20035_%E8%8D%94%E6%9E%9D_Crop_35_Seed.png,images/item_20035_3df14d0d82.png,local_route
item:20036,item,20036,箬竹种子,ok,true,,5,seed,,,Crop_36,4752,0,63,ItemInfo+live-seed-catalog,/game-config/seed_images_named/20036_%E7%AE%AC%E7%AB%B9_Crop_36_Seed.png,images/item_20036_f60ea269b7.png,local_route
item:20037,item,20037,莲藕种子,ok,true,,5,seed,,,Crop_37,1056,0,23,ItemInfo+live-seed-catalog,/game-config/seed_images_named/20037_%E8%8E%B2%E8%97%95_Crop_37_Seed.png,images/item_20037_885c9dd87a.png,local_route
item:20038,item,20038,木瓜种子,ok,true,,5,seed,,,Crop_38,4560,0,78,ItemInfo+live-seed-catalog,/game-config/seed_images_named/20038_%E6%9C%A8%E7%93%9C_Crop_38_Seed.png,images/item_20038_cfc63597f8.png,local_route
item:20039,item,20039,杨桃种子,ok,true,,5,seed,,,Crop_39,2472,0,81,ItemInfo+live-seed-catalog,/game-config/seed_images_named/20039_%E6%9D%A8%E6%A1%83_Crop_39_Seed.png,images/item_20039_25fd32c892.png,local_route
item:20041,item,20041,红玫瑰种子,ok,true,,5,seed,,,Crop_41,2112,0,24,ItemInfo+live-seed-catalog,/game-config/seed_images_named/20041_%E7%BA%A2%E7%8E%AB%E7%91%B0_Crop_41_Seed.png,images/item_20041_0172c99ffd.png,local_route
item:20042,item,20042,柠檬种子,ok,true,,5,seed,,,Crop_42,14832,0,84,ItemInfo+live-seed-catalog,/game-config/seed_images_named/20042_%E6%9F%A0%E6%AA%AC_Crop_42_Seed.png,images/item_20042_2f4ebf0e68.png,local_route
item:20043,item,20043,无花果种子,ok,true,,5,seed,,,Crop_43,9504,0,64,ItemInfo+live-seed-catalog,/game-config/seed_images_named/20043_%E6%97%A0%E8%8A%B1%E6%9E%9C_Crop_43_Seed.png,images/item_20043_1a439103c3.png,local_route
item:20044,item,20044,丝瓜种子,ok,true,,5,seed,,,Crop_44,2592,0,55,ItemInfo+live-seed-catalog,/game-config/seed_images_named/20044_%E4%B8%9D%E7%93%9C_Crop_44_Seed.png,images/item_20044_9643028541.png,local_route
item:20045,item,20045,猕猴桃种子,ok,true,,5,seed,,,Crop_45,1914,0,69,ItemInfo+live-seed-catalog,/game-config/seed_images_named/20045_%E7%8C%95%E7%8C%B4%E6%A1%83_Crop_45_Seed.png,images/item_20045_0533b867f5.png,local_route
item:20046,item,20046,爱心果种子,ok,true,,5,seed,,,Crop_46,12000,0,202,ItemInfo,/game-config/seed_images_named/Crop_46_Seed.png,images/item_20046_28e60201ad.png,local_route
item:20047,item,20047,甘蔗种子,ok,true,,5,seed,,,Crop_47,2340,0,51,ItemInfo+live-seed-catalog,/game-config/seed_images_named/20047_%E7%94%98%E8%94%97_Crop_47_Seed.png,images/item_20047_09f36bf51e.png,local_route
item:20048,item,20048,杨梅种子,ok,true,,5,seed,,,Crop_48,5364,0,86,ItemInfo+live-seed-catalog,/game-config/seed_images_named/20048_%E6%9D%A8%E6%A2%85_Crop_48_Seed.png,images/item_20048_cdb275d99c.png,local_route
item:20049,item,20049,花生种子,ok,true,,5,seed,,,Crop_49,3492,0,66,ItemInfo+live-seed-catalog,/game-config/seed_images_named/20049_%E8%8A%B1%E7%94%9F_Crop_49_Seed.png,images/item_20049_d55d448757.png,local_route
item:20050,item,20050,蘑菇种子,ok,true,,5,seed,,,Crop_50,1584,0,61,ItemInfo+live-seed-catalog,/game-config/seed_images_named/20050_%E8%98%91%E8%8F%87_Crop_50_Seed.png,images/item_20050_375179c037.png,local_route
item:20051,item,20051,红枣种子,ok,true,,5,seed,,,Crop_51,864,0,15,ItemInfo+live-seed-catalog,/game-config/seed_images_named/20051_%E7%BA%A2%E6%9E%A3_Crop_51_Seed.png,images/item_20051_b4d538afdb.png,local_route
item:20052,item,20052,金针菇种子,ok,true,,5,seed,,,Crop_52,5238,0,67,ItemInfo+live-seed-catalog,/game-config/seed_images_named/20052_%E9%87%91%E9%92%88%E8%8F%87_Crop_52_Seed.png,images/item_20052_7204d0ba15.png,local_route
item:20053,item,20053,桂圆种子,ok,true,,5,seed,,,Crop_53,6840,0,79,ItemInfo+live-seed-catalog,/game-config/seed_images_named/20053_%E6%A1%82%E5%9C%86_Crop_53_Seed.png,images/item_20053_dc2a51be99.png,local_route
item:20054,item,20054,梨种子,ok,true,,5,seed,,,Crop_54,3828,0,70,ItemInfo+live-seed-catalog,/game-config/seed_images_named/20054_%E6%A2%A8_Crop_54_Seed.png,images/item_20054_cb24215752.png,local_route
item:20055,item,20055,枇杷种子,ok,true,,5,seed,,,Crop_55,2088,0,73,ItemInfo+live-seed-catalog,/game-config/seed_images_named/20055_%E6%9E%87%E6%9D%B7_Crop_55_Seed.png,images/item_20055_c3415dfa4e.png,local_route
item:20056,item,20056,哈密瓜种子,ok,true,,5,seed,,,Crop_56,4944,0,82,ItemInfo+live-seed-catalog,/game-config/seed_images_named/20056_%E5%93%88%E5%AF%86%E7%93%9C_Crop_56_Seed.png,images/item_20056_4aa97eb42c.png,local_route
item:20057,item,20057,芒果种子,ok,true,,5,seed,,,Crop_57,2682,0,85,ItemInfo+live-seed-catalog,/game-config/seed_images_named/20057_%E8%8A%92%E6%9E%9C_Crop_57_Seed.png,images/item_20057_6ef7b5dcd8.png,local_route
item:20058,item,20058,榴莲种子,ok,true,,5,seed,,,Crop_58,8046,0,87,ItemInfo+live-seed-catalog,/game-config/seed_images_named/20058_%E6%A6%B4%E8%8E%B2_Crop_58_Seed.png,images/item_20058_e0ea4bc6b1.png,local_route
item:20059,item,20059,大白菜种子,ok,true,,5,seed,,,Crop_59,5,0,3,ItemInfo+live-seed-catalog,/game-config/seed_images_named/20059_%E5%A4%A7%E7%99%BD%E8%8F%9C_Crop_59_Seed.png,images/item_20059_83aaa753f0.png,local_route
item:20060,item,20060,水稻种子,ok,true,,5,seed,,,Crop_60,42,0,6,ItemInfo+live-seed-catalog,/game-config/seed_images_named/20060_%E6%B0%B4%E7%A8%BB_Crop_60_Seed.png,images/item_20060_21022d1b9d.png,local_route
item:20061,item,20061,小麦种子,ok,true,,5,seed,,,Crop_61,63,0,7,ItemInfo+live-seed-catalog,/game-config/seed_images_named/20061_%E5%B0%8F%E9%BA%A6_Crop_61_Seed.png,images/item_20061_e46795ffa2.png,local_route
item:20062,item,20062,四叶草种子,ok,true,,5,seed,,,Crop_62,3360,0,40,ItemInfo+live-seed-catalog,/game-config/seed_images_named/20062_%E5%9B%9B%E5%8F%B6%E8%8D%89_Crop_62_Seed.png,images/item_20062_0941b20526.png,local_route
item:20063,item,20063,苦瓜种子,ok,true,,5,seed,,,Crop_63,9360,0,95,ItemInfo+live-seed-catalog,/game-config/seed_images_named/20063_%E8%8B%A6%E7%93%9C_Crop_63_Seed.png,images/item_20063_1889acb3de.png,local_route
item:20064,item,20064,大葱种子,ok,true,,5,seed,,,Crop_64,21,0,5,ItemInfo+live-seed-catalog,/game-config/seed_images_named/20064_%E5%A4%A7%E8%91%B1_Crop_64_Seed.png,images/item_20064_ccf9bd1361.png,local_route
item:20065,item,20065,大蒜种子,ok,true,,5,seed,,,Crop_65,10,0,4,ItemInfo+live-seed-catalog,/game-config/seed_images_named/20065_%E5%A4%A7%E8%92%9C_Crop_65_Seed.png,images/item_20065_052e82eac1.png,local_route
item:20066,item,20066,鲜姜种子,ok,true,,5,seed,,,Crop_66,111,0,9,ItemInfo+live-seed-catalog,/game-config/seed_images_named/20066_%E9%B2%9C%E5%A7%9C_Crop_66_Seed.png,images/item_20066_6738fee47b.png,local_route
item:20067,item,20067,香瓜种子,ok,true,,5,seed,,,Crop_67,2280,0,77,ItemInfo+live-seed-catalog,/game-config/seed_images_named/20067_%E9%A6%99%E7%93%9C_Crop_67_Seed.png,images/item_20067_832711694b.png,local_route
item:20068,item,20068,冬瓜种子,ok,true,,5,seed,,,Crop_68,3360,0,97,ItemInfo+live-seed-catalog,/game-config/seed_images_named/20068_%E5%86%AC%E7%93%9C_Crop_68_Seed.png,images/item_20068_764e17d40b.png,local_route
item:20069,item,20069,莴笋种子,ok,true,,5,seed,,,Crop_69,7200,0,104,ItemInfo+live-seed-catalog,/game-config/seed_images_named/Crop_69_Seed.png,images/item_20069_cf6336913e.png,local_route
item:20070,item,20070,黄豆种子,ok,true,,5,seed,,,Crop_70,2100,0,47,ItemInfo+live-seed-catalog,/game-config/seed_images_named/20070_%E9%BB%84%E8%B1%86_Crop_70_Seed.png,images/item_20070_9be0d86f04.png,local_route
item:20071,item,20071,小白菜种子,ok,true,,5,seed,,,Crop_71,167,0,11,ItemInfo+live-seed-catalog,/game-config/seed_images_named/20071_%E5%B0%8F%E7%99%BD%E8%8F%9C_Crop_71_Seed.png,images/item_20071_6a95fe7245.png,local_route
item:20072,item,20072,榛子种子,ok,true,,5,seed,,,Crop_72,5184,0,56,ItemInfo+live-seed-catalog,/game-config/seed_images_named/20072_%E6%A6%9B%E5%AD%90_Crop_72_Seed.png,images/item_20072_aa89a6f508.png,local_route
item:20073,item,20073,菠菜种子,ok,true,,5,seed,,,Crop_73,560,0,37,ItemInfo+live-seed-catalog,/game-config/seed_images_named/20073_%E8%8F%A0%E8%8F%9C_Crop_73_Seed.png,images/item_20073_9030e6c2d5.png,local_route
item:20074,item,20074,金桔种子,ok,true,,5,seed,,,Crop_74,20160,0,100,ItemInfo+live-seed-catalog,/game-config/seed_images_named/20074_%E9%87%91%E6%A1%94_Crop_74_Seed.png,images/item_20074_5b9b25a0de.png,local_route
item:20075,item,20075,桑葚种子,ok,true,,5,seed,,,Crop_75,7416,0,83,ItemInfo+live-seed-catalog,/game-config/seed_images_named/20075_%E6%A1%91%E8%91%9A_Crop_75_Seed.png,images/item_20075_f79b06b8f0.png,local_route
item:20076,item,20076,山竹种子,ok,true,,5,seed,,,Crop_76,17388,0,92,ItemInfo+live-seed-catalog,/game-config/seed_images_named/20076_%E5%B1%B1%E7%AB%B9_Crop_76_Seed.png,images/item_20076_ef4eff90a6.png,local_route
item:20077,item,20077,蓝莓种子,ok,true,,5,seed,,,Crop_77,5796,0,90,ItemInfo+live-seed-catalog,/game-config/seed_images_named/20077_%E8%93%9D%E8%8E%93_Crop_77_Seed.png,images/item_20077_c433d04753.png,local_route
item:20078,item,20078,杏子种子,ok,true,,5,seed,,,Crop_78,10080,0,99,ItemInfo+live-seed-catalog,/game-config/seed_images_named/20078_%E6%9D%8F%E5%AD%90_Crop_78_Seed.png,images/item_20078_f9c5bc0774.png,local_route
item:20079,item,20079,番石榴种子,ok,true,,5,seed,,,Crop_79,16092,0,88,ItemInfo+live-seed-catalog,/game-config/seed_images_named/20079_%E7%95%AA%E7%9F%B3%E6%A6%B4_Crop_79_Seed.png,images/item_20079_a7401cfb50.png,local_route
item:20080,item,20080,月柿种子,ok,true,,5,seed,,,Crop_80,13680,0,80,ItemInfo+live-seed-catalog,/game-config/seed_images_named/20080_%E6%9C%88%E6%9F%BF_Crop_80_Seed.png,images/item_20080_8c9f1ccefd.png,local_route
item:20083,item,20083,红毛丹种子,ok,true,,5,seed,,,Crop_83,3600,0,102,ItemInfo+live-seed-catalog,/game-config/seed_images_named/20083_%E7%BA%A2%E6%AF%9B%E4%B8%B9_Crop_83_Seed.png,images/item_20083_8d74da6e64.png,local_route
item:20084,item,20084,芭蕉种子,ok,true,,5,seed,,,Crop_84,10800,0,106,ItemInfo+live-seed-catalog,/game-config/seed_images_named/20084_%E8%8A%AD%E8%95%89_Crop_84_Seed.png,images/item_20084_2aae56b526.png,local_route
item:20085,item,20085,番荔枝种子,ok,true,,5,seed,,,Crop_85,3858,0,110,ItemInfo+live-seed-catalog,/game-config/seed_images_named/20085_%E7%95%AA%E8%8D%94%E6%9E%9D_Crop_85_Seed.png,images/item_20085_92397f6f0a.png,local_route
item:20086,item,20086,橄榄种子,ok,true,,5,seed,,,Crop_86,11574,0,114,ItemInfo+live-seed-catalog,/game-config/seed_images_named/20086_%E6%A9%84%E6%A6%84_Crop_86_Seed.png,images/item_20086_e3690ccf80.png,local_route
item:20087,item,20087,百香果种子,ok,true,,5,seed,,,Crop_87,4122,0,118,ItemInfo+live-seed-catalog,/game-config/seed_images_named/20087_%E7%99%BE%E9%A6%99%E6%9E%9C_Crop_87_Seed.png,images/item_20087_2062661844.png,local_route
item:20088,item,20088,灯笼果种子,ok,true,,5,seed,,,Crop_88,12366,0,122,ItemInfo+live-seed-catalog,/game-config/seed_images_named/20088_%E7%81%AF%E7%AC%BC%E6%9E%9C_Crop_88_Seed.png,images/item_20088_a18f9ccc50.png,local_route
item:20089,item,20089,芦荟种子,ok,true,,5,seed,,,Crop_89,4392,0,126,ItemInfo+live-seed-catalog,/game-config/seed_images_named/20089_%E8%8A%A6%E8%8D%9F_Crop_89_Seed.png,images/item_20089_b31f08f257.png,local_route
item:20090,item,20090,薄荷种子,ok,true,,5,seed,,,Crop_90,13176,0,130,ItemInfo+live-seed-catalog,/game-config/seed_images_named/20090_%E8%96%84%E8%8D%B7_Crop_90_Seed.png,images/item_20090_18a30c0df8.png,local_route
item:20091,item,20091,山楂种子,ok,true,,5,seed,,,Crop_91,2976,0,36,ItemInfo+live-seed-catalog,/game-config/seed_images_named/20091_%E5%B1%B1%E6%A5%82_Crop_91_Seed.png,images/item_20091_3c6cb318bd.png,local_route
item:20092,item,20092,稀世琉璃果种子,ok,true,,5,seed,,,Crop_92,98928,0,91,ItemInfo,/game-config/seed_images_named/Crop_92_Seed.png,images/item_20092_22c19f5018.png,local_route
item:20095,item,20095,栗子种子,ok,true,,5,seed,,,Crop_95,2880,0,59,ItemInfo+live-seed-catalog,/game-config/seed_images_named/20095_%E6%A0%97%E5%AD%90_Crop_95_Seed.png,images/item_20095_aed5642a27.png,local_route
item:20096,item,20096,生菜种子,ok,true,,5,seed,,,Crop_96,201,0,12,ItemInfo+live-seed-catalog,/game-config/seed_images_named/20096_%E7%94%9F%E8%8F%9C_Crop_96_Seed.png,images/item_20096_ae397f6c13.png,local_route
item:20097,item,20097,黄瓜种子,ok,true,,5,seed,,,Crop_97,1332,0,31,ItemInfo+live-seed-catalog,/game-config/seed_images_named/20097_%E9%BB%84%E7%93%9C_Crop_97_Seed.png,images/item_20097_f2e0f5f697.png,local_route
item:20098,item,20098,花菜种子,ok,true,,5,seed,,,Crop_98,960,0,19,ItemInfo+live-seed-catalog,/game-config/seed_images_named/20098_%E8%8A%B1%E8%8F%9C_Crop_98_Seed.png,images/item_20098_e66d03c843.png,local_route
item:20099,item,20099,油菜种子,ok,true,,5,seed,,,Crop_99,288,0,13,ItemInfo+live-seed-catalog,/game-config/seed_images_named/20099_%E6%B2%B9%E8%8F%9C_Crop_99_Seed.png,images/item_20099_0c26111f10.png,local_route
item:20100,item,20100,竹笋种子,ok,true,,5,seed,,,Crop_100,780,0,49,ItemInfo+live-seed-catalog,/game-config/seed_images_named/20100_%E7%AB%B9%E7%AC%8B_Crop_100_Seed.png,images/item_20100_b9349fc1e9.png,local_route
item:20101,item,20101,薰衣草种子,ok,true,,5,seed,,,Crop_101,14904,0,146,ItemInfo+live-seed-catalog,/game-config/seed_images_named/Crop_101_Seed.png,images/item_20101_6ba80b189c.png,local_route
item:20102,item,20102,马蹄莲种子,ok,true,,5,seed,,,Crop_102,29808,0,148,ItemInfo+live-seed-catalog,/game-config/seed_images_named/Crop_102_Seed.png,images/item_20102_fb9132d3d1.png,local_route
item:20103,item,20103,天香百合种子,ok,true,,5,seed,,,Crop_103,496,0,33,ItemInfo+live-seed-catalog,/game-config/seed_images_named/20103_%E5%A4%A9%E9%A6%99%E7%99%BE%E5%90%88_Crop_103_Seed.png,images/item_20103_0140c36920.png,local_route
item:20104,item,20104,非洲菊种子,ok,true,,5,seed,,,Crop_104,624,0,41,ItemInfo+live-seed-catalog,/game-config/seed_images_named/20104_%E9%9D%9E%E6%B4%B2%E8%8F%8A_Crop_104_Seed.png,images/item_20104_a202d8cf42.png,local_route
item:20105,item,20105,小雏菊种子,ok,true,,5,seed,,,Crop_105,352,0,21,ItemInfo+live-seed-catalog,/game-config/seed_images_named/20105_%E5%B0%8F%E9%9B%8F%E8%8F%8A_Crop_105_Seed.png,images/item_20105_a337d45de8.png,local_route
item:20106,item,20106,郁金香种子,ok,true,,5,seed,,,Crop_106,9936,0,144,ItemInfo+live-seed-catalog,/game-config/seed_images_named/Crop_106_Seed.png,images/item_20106_d22bab24f9.png,local_route
item:20107,item,20107,仙人掌种子,ok,true,,5,seed,,,Crop_107,8244,0,101,ItemInfo,/game-config/seed_images_named/Crop_107_Seed.png,images/item_20107_25b145eae8.png,local_route
item:20108,item,20108,铃兰种子,ok,true,,5,seed,,,Crop_108,4122,0,101,ItemInfo,/game-config/seed_images_named/Crop_108_Seed.png,images/item_20108_7f1d1f0a09.png,local_route
item:20109,item,20109,蝴蝶兰种子,ok,true,,5,seed,,,Crop_109,1000,0,200,ItemInfo+live-seed-catalog,/game-config/seed_images_named/Crop_109_Seed.png,images/item_20109_707441d514.png,local_route
item:20110,item,20110,满天星种子,ok,true,,5,seed,,,Crop_110,792,0,26,ItemInfo+live-seed-catalog,/game-config/seed_images_named/20110_%E6%BB%A1%E5%A4%A9%E6%98%9F_Crop_110_Seed.png,images/item_20110_499b65e457.png,local_route
item:20111,item,20111,粉玫瑰种子,ok,true,,5,seed,,,Crop_111,2340,0,41,ItemInfo,/game-config/seed_images_named/Crop_111_Seed.png,images/item_20111_8d26a6cfda.png,local_route
item:20112,item,20112,风信子种子,ok,true,,5,seed,,,Crop_112,1000,0,200,ItemInfo+live-seed-catalog,/game-config/seed_images_named/Crop_112_Seed.png,images/item_20112_3cec86e3b7.png,local_route
item:20113,item,20113,栀子花种子,ok,true,,5,seed,,,Crop_113,3828,0,61,ItemInfo,/game-config/seed_images_named/Crop_113_Seed.png,images/item_20113_a74e19caec.png,local_route
item:20114,item,20114,蓝玫瑰种子,ok,true,,5,seed,,,Crop_114,5796,0,81,ItemInfo,/game-config/seed_images_named/Crop_114_Seed.png,images/item_20114_e687f2e57b.png,local_route
item:20115,item,20115,兰花种子,ok,true,,5,seed,,,Crop_115,31644,0,156,ItemInfo+live-seed-catalog,/game-config/seed_images_named/Crop_115_Seed.png,images/item_20115_ef8e7a4021.png,local_route
item:20116,item,20116,曼陀罗华种子,ok,true,,5,seed,,,Crop_116,3120,0,93,ItemInfo+live-seed-catalog,/game-config/seed_images_named/20116_%E6%9B%BC%E9%99%80%E7%BD%97%E5%8D%8E_Crop_116_Seed.png,images/item_20116_38e0e20565.png,local_route
item:20118,item,20118,水仙花种子,ok,true,,5,seed,,,Crop_118,5742,0,61,ItemInfo,/game-config/seed_images_named/Crop_118_Seed.png,images/item_20118_255bac4d93.png,local_route
item:20120,item,20120,蒲公英种子,ok,true,,5,seed,,,Crop_120,1728,0,16,ItemInfo+live-seed-catalog,/game-config/seed_images_named/20120_%E8%92%B2%E5%85%AC%E8%8B%B1_Crop_120_Seed.png,images/item_20120_aa0ecf7cc0.png,local_route
item:20121,item,20121,蔷薇种子,ok,true,,5,seed,,,Crop_121,1000,0,200,ItemInfo+live-seed-catalog,/game-config/seed_images_named/Crop_121_Seed.png,images/item_20121_c0878207b0.png,local_route
item:20122,item,20122,丁香花种子,ok,true,,5,seed,,,Crop_122,1914,0,61,ItemInfo,/game-config/seed_images_named/Crop_122_Seed.png,images/item_20122_c90215b7f5.png,local_route
item:20123,item,20123,海棠花种子,ok,true,,5,seed,,,Crop_123,12366,0,101,ItemInfo,/game-config/seed_images_named/Crop_123_Seed.png,images/item_20123_196aa36218.png,local_route
item:20124,item,20124,月季花种子,ok,true,,5,seed,,,Crop_124,15822,0,154,ItemInfo+live-seed-catalog,/game-config/seed_images_named/Crop_124_Seed.png,images/item_20124_a89230a533.png,local_route
item:20126,item,20126,曼珠沙华种子,ok,true,,5,seed,,,Crop_126,6240,0,94,ItemInfo+live-seed-catalog,/game-config/seed_images_named/20126_%E6%9B%BC%E7%8F%A0%E6%B2%99%E5%8D%8E_Crop_126_Seed.png,images/item_20126_9730e76031.png,local_route
item:20128,item,20128,茉莉花种子,ok,true,,5,seed,,,Crop_128,864,0,53,ItemInfo+live-seed-catalog,/game-config/seed_images_named/20128_%E8%8C%89%E8%8E%89%E8%8A%B1_Crop_128_Seed.png,images/item_20128_e8235f49ab.png,local_route
item:20129,item,20129,勿忘我种子,ok,true,,5,seed,,,Crop_129,5796,0,81,ItemInfo,/game-config/seed_images_named/Crop_129_Seed.png,images/item_20129_9440d18574.png,local_route
item:20130,item,20130,琼花种子,ok,true,,5,seed,,,Crop_130,12366,0,101,ItemInfo,/game-config/seed_images_named/Crop_130_Seed.png,images/item_20130_e499c8fa13.png,local_route
item:20131,item,20131,六月雪种子,ok,true,,5,seed,,,Crop_131,11172,0,160,ItemInfo+live-seed-catalog,/game-config/seed_images_named/Crop_131_Seed.png,images/item_20131_c659e0166c.png,local_route
item:20132,item,20132,蓝铃花种子,ok,true,,5,seed,,,Crop_132,16758,0,162,ItemInfo+live-seed-catalog,/game-config/seed_images_named/Crop_132_Seed.png,images/item_20132_8cf0f194e8.png,local_route
item:20134,item,20134,绿牡丹种子,ok,true,,5,seed,,,Crop_134,780,0,41,ItemInfo,/game-config/seed_images_named/Crop_134_Seed.png,images/item_20134_d37a057e2b.png,local_route
item:20135,item,20135,火绒草种子,ok,true,,5,seed,,,Crop_135,1248,0,42,ItemInfo+live-seed-catalog,/game-config/seed_images_named/20135_%E7%81%AB%E7%BB%92%E8%8D%89_Crop_135_Seed.png,images/item_20135_d21b5cbfdb.png,local_route
item:20136,item,20136,毛蟹爪莲种子,ok,true,,5,seed,,,Crop_136,1560,0,41,ItemInfo,/game-config/seed_images_named/Crop_136_Seed.png,images/item_20136_11e4fc16b2.png,local_route
item:20139,item,20139,糖槭树花种子,ok,true,,5,seed,,,Crop_139,2340,0,41,ItemInfo,/game-config/seed_images_named/Crop_139_Seed.png,images/item_20139_c7a93de91e.png,local_route
item:20140,item,20140,象牙红种子,ok,true,,5,seed,,,Crop_140,780,0,41,ItemInfo,/game-config/seed_images_named/Crop_140_Seed.png,images/item_20140_3e1720b2a1.png,local_route
item:20141,item,20141,花香根鸢尾种子,ok,true,,5,seed,,,Crop_141,1872,0,43,ItemInfo+live-seed-catalog,/game-config/seed_images_named/20141_%E8%8A%B1%E9%A6%99%E6%A0%B9%E9%B8%A2%E5%B0%BE_Crop_141_Seed.png,images/item_20141_479074f203.png,local_route
item:20142,item,20142,虞美人种子,ok,true,,5,seed,,,Crop_142,3744,0,44,ItemInfo+live-seed-catalog,/game-config/seed_images_named/20142_%E8%99%9E%E7%BE%8E%E4%BA%BA_Crop_142_Seed.png,images/item_20142_f4ecb22684.png,local_route
item:20143,item,20143,含羞草种子,ok,true,,5,seed,,,Crop_143,1188,0,27,ItemInfo+live-seed-catalog,/game-config/seed_images_named/20143_%E5%90%AB%E7%BE%9E%E8%8D%89_Crop_143_Seed.png,images/item_20143_1b3ba73526.png,local_route
item:20144,item,20144,七里香种子,ok,true,,5,seed,,,Crop_144,3828,0,61,ItemInfo,/game-config/seed_images_named/Crop_144_Seed.png,images/item_20144_4e1b7f9131.png,local_route
item:20145,item,20145,向日葵种子,ok,true,,5,seed,,,Crop_145,700,0,45,ItemInfo+live-seed-catalog,/game-config/seed_images_named/20145_%E5%90%91%E6%97%A5%E8%91%B5_Crop_145_Seed.png,images/item_20145_afab0be6da.png,local_route
item:20147,item,20147,牵牛花种子,ok,true,,5,seed,,,Crop_147,2376,0,28,ItemInfo+live-seed-catalog,/game-config/seed_images_named/20147_%E7%89%B5%E7%89%9B%E8%8A%B1_Crop_147_Seed.png,images/item_20147_175226b783.png,local_route
item:20154,item,20154,月桂花种子,ok,true,,5,seed,,,Crop_154,1332,0,21,ItemInfo,/game-config/seed_images_named/Crop_154_Seed.png,images/item_20154_7a68e6f4de.png,local_route
item:20161,item,20161,黄色秋菊种子,ok,true,,5,seed,,,Crop_161,396,0,25,ItemInfo+live-seed-catalog,/game-config/seed_images_named/20161_%E7%A7%8B%E8%8F%8A%EF%BC%88%E9%BB%84%E8%89%B2%EF%BC%89_Crop_161_Seed.png,images/item_20161_6c3cba847a.png,local_route
item:20162,item,20162,红色秋菊种子,ok,true,,5,seed,,,Crop_162,444,0,29,ItemInfo+live-seed-catalog,/game-config/seed_images_named/20162_%E7%A7%8B%E8%8F%8A%EF%BC%88%E7%BA%A2%E8%89%B2%EF%BC%89_Crop_162_Seed.png,images/item_20162_1fea9429a2.png,local_route
item:20165,item,20165,茱萸种子,ok,true,,5,seed,,,Crop_165,4122,0,101,ItemInfo,/game-config/seed_images_named/Crop_165_Seed.png,images/item_20165_dfab58f912.png,local_route
item:20172,item,20172,宋梅种子,ok,true,,5,seed,,,Crop_172,33516,0,164,ItemInfo+live-seed-catalog,/game-config/seed_images_named/Crop_172_Seed.png,images/item_20172_983db2eb3f.png,local_route
item:20174,item,20174,晚香玉种子,ok,true,,5,seed,,,Crop_174,4680,0,134,ItemInfo+live-seed-catalog,/game-config/seed_images_named/Crop_174_Seed.png,images/item_20174_c0bee887dc.png,local_route
item:20182,item,20182,艳蝶兰种子,ok,true,,5,seed,,,Crop_182,5274,0,150,ItemInfo+live-seed-catalog,/game-config/seed_images_named/Crop_182_Seed.png,images/item_20182_f39a6103e8.png,local_route
item:20184,item,20184,卡特兰种子,ok,true,,5,seed,,,Crop_184,1000,0,21,ItemInfo+live-seed-catalog,/game-config/seed_images_named/Crop_184_Seed.png,images/item_20184_9e206647df.png,local_route
item:20185,item,20185,似何莲种子,ok,true,,5,seed,,,Crop_185,2898,0,81,ItemInfo,/game-config/seed_images_named/Crop_185_Seed.png,images/item_20185_58052a949b.png,local_route
item:20186,item,20186,米兰种子,ok,true,,5,seed,,,Crop_186,8244,0,101,ItemInfo,/game-config/seed_images_named/Crop_186_Seed.png,images/item_20186_6410045104.png,local_route
item:20187,item,20187,君子兰种子,ok,true,,5,seed,,,Crop_187,5586,0,158,ItemInfo+live-seed-catalog,/game-config/seed_images_named/Crop_187_Seed.png,images/item_20187_4614675982.png,local_route
item:20188,item,20188,文殊兰种子,ok,true,,5,seed,,,Crop_188,4968,0,142,ItemInfo+live-seed-catalog,/game-config/seed_images_named/Crop_188_Seed.png,images/item_20188_8468f975e4.png,local_route
item:20193,item,20193,红云飞片种子,ok,true,,5,seed,,,Crop_193,1000,0,21,ItemInfo+live-seed-catalog,/game-config/seed_images_named/Crop_193_Seed.png,images/item_20193_8a68634861.png,local_route
item:20199,item,20199,石莲花种子,ok,true,,5,seed,,,Crop_199,37440,0,101,ItemInfo,/game-config/seed_images_named/Crop_199_Seed.png,images/item_20199_64c6593802.png,local_route
item:20201,item,20201,天山雪莲种子,ok,true,,5,seed,,,Crop_201,24732,0,124,ItemInfo+live-seed-catalog,/game-config/seed_images_named/20201_%E5%A4%A9%E5%B1%B1%E9%9B%AA%E8%8E%B2_Crop_201_Seed.png,images/item_20201_660af8705d.png,local_route
item:20202,item,20202,金边灵芝种子,ok,true,,5,seed,,,Crop_202,8784,0,128,ItemInfo+live-seed-catalog,/game-config/seed_images_named/20202_%E9%87%91%E8%BE%B9%E7%81%B5%E8%8A%9D_Crop_202_Seed.png,images/item_20202_55b0936824.png,local_route
item:20204,item,20204,人参种子,ok,true,,5,seed,,,Crop_204,9360,0,136,ItemInfo+live-seed-catalog,/game-config/seed_images_named/20204_%E4%BA%BA%E5%8F%82_Crop_204_Seed.png,images/item_20204_6332b0f760.png,local_route
item:20218,item,20218,瓶子树种子,ok,true,,5,seed,,,Crop_218,2898,0,89,ItemInfo+live-seed-catalog,/game-config/seed_images_named/20218_%E7%93%B6%E5%AD%90%E6%A0%91_Crop_218_Seed.png,images/item_20218_101f6c45cd.png,local_route
item:20219,item,20219,路易十四种子,ok,true,,5,seed,,,Crop_219,45936,0,51,ItemInfo,/game-config/seed_images_named/Crop_219_Seed.png,images/item_20219_239fafdded.png,local_route
item:20220,item,20220,猪笼草种子,ok,true,,5,seed,,,Crop_220,8694,0,91,ItemInfo+live-seed-catalog,/game-config/seed_images_named/20220_%E7%8C%AA%E7%AC%BC%E8%8D%89_Crop_220_Seed.png,images/item_20220_216687d4d9.png,local_route
item:20221,item,20221,天堂鸟种子,ok,true,,5,seed,,,Crop_221,18720,0,96,ItemInfo+live-seed-catalog,/game-config/seed_images_named/20221_%E5%A4%A9%E5%A0%82%E9%B8%9F_Crop_221_Seed.png,images/item_20221_6edfedcd11.png,local_route
item:20222,item,20222,豹皮花种子,ok,true,,5,seed,,,Crop_222,6720,0,98,ItemInfo+live-seed-catalog,/game-config/seed_images_named/20222_%E8%B1%B9%E7%9A%AE%E8%8A%B1_Crop_222_Seed.png,images/item_20222_e969bcf5cd.png,local_route
item:20223,item,20223,夏蜡梅种子,ok,true,,5,seed,,,Crop_223,3360,0,21,ItemInfo,/game-config/seed_images_named/Crop_223_Seed.png,images/item_20223_15f5990830.png,local_route
item:20224,item,20224,昙花种子,ok,true,,5,seed,,,Crop_224,2000,0,201,ItemInfo+live-seed-catalog,/game-config/seed_images_named/Crop_224_Seed.png,images/item_20224_4659707d1a.png,local_route
item:20225,item,20225,宝华玉兰种子,ok,true,,5,seed,,,Crop_225,10548,0,152,ItemInfo+live-seed-catalog,/game-config/seed_images_named/20225_%E5%AE%9D%E5%8D%8E%E7%8E%89%E5%85%B0_Crop_225_Seed.png,images/item_20225_aff9131dbd.png,local_route
item:20226,item,20226,依米花种子,ok,true,,5,seed,,,Crop_226,21600,0,108,ItemInfo+live-seed-catalog,/game-config/seed_images_named/20226_%E4%BE%9D%E7%B1%B3%E8%8A%B1_Crop_226_Seed.png,images/item_20226_43d8966b7e.png,local_route
item:20227,item,20227,大王花种子,ok,true,,5,seed,,,Crop_227,7716,0,112,ItemInfo+live-seed-catalog,/game-config/seed_images_named/20227_%E5%A4%A7%E7%8E%8B%E8%8A%B1_Crop_227_Seed.png,images/item_20227_71ffc6b8aa.png,local_route
item:20228,item,20228,人参果种子,ok,true,,5,seed,,,Crop_228,23148,0,116,ItemInfo+live-seed-catalog,/game-config/seed_images_named/20228_%E4%BA%BA%E5%8F%82%E6%9E%9C_Crop_228_Seed.png,images/item_20228_497ffff4bf.png,local_route
item:20229,item,20229,何首乌种子,ok,true,,5,seed,,,Crop_229,26352,0,132,ItemInfo+live-seed-catalog,/game-config/seed_images_named/20229_%E4%BD%95%E9%A6%96%E4%B9%8C_Crop_229_Seed.png,images/item_20229_fd8d7c40e1.png,local_route
item:20235,item,20235,金花茶种子,ok,true,,5,seed,,,Crop_235,8244,0,120,ItemInfo+live-seed-catalog,/game-config/seed_images_named/20235_%E9%87%91%E8%8A%B1%E8%8C%B6_Crop_235_Seed.png,images/item_20235_9544632197.png,local_route
item:20242,item,20242,似血杜鹃种子,ok,true,,5,seed,,,Crop_242,28080,0,140,ItemInfo+live-seed-catalog,/game-config/seed_images_named/20242_%E4%BC%BC%E8%A1%80%E6%9D%9C%E9%B9%83_Crop_242_Seed.png,images/item_20242_fbc5ebb47d.png,local_route
item:20249,item,20249,荷包牡丹种子,ok,true,,5,seed,,,Crop_249,2000,0,201,ItemInfo,/game-config/seed_images_named/Crop_249_Seed.png,images/item_20249_fe5742dd23.png,local_route
item:20256,item,20256,石竹花种子,ok,true,,5,seed,,,Crop_256,1000,0,21,ItemInfo+live-seed-catalog,/game-config/seed_images_named/Crop_256_Seed.png,images/item_20256_ae42f4bea4.png,local_route
item:20257,item,20257,孔雀草种子,ok,true,,5,seed,,,Crop_257,2000,0,41,ItemInfo+live-seed-catalog,/game-config/seed_images_named/Crop_257_Seed.png,images/item_20257_96d7258134.png,local_route
item:20258,item,20258,欧石楠种子,ok,true,,5,seed,,,Crop_258,2000,0,41,ItemInfo+live-seed-catalog,/game-config/seed_images_named/Crop_258_Seed.png,images/item_20258_c74debd8e6.png,local_route
item:20259,item,20259,银莲花种子,ok,true,,5,seed,,,Crop_259,320,0,17,ItemInfo+live-seed-catalog,/game-config/seed_images_named/20259_%E9%93%B6%E8%8E%B2%E8%8A%B1_Crop_259_Seed.png,images/item_20259_e8c8619ba5.png,local_route
item:20261,item,20261,针垫花种子,ok,true,,5,seed,,,Crop_261,1000,0,21,ItemInfo+live-seed-catalog,/game-config/seed_images_named/Crop_261_Seed.png,images/item_20261_1ef03a8af8.png,local_route
item:20262,item,20262,帝王花种子,ok,true,,5,seed,,,Crop_262,37440,0,101,ItemInfo,/game-config/seed_images_named/Crop_262_Seed.png,images/item_20262_33b1a6942b.png,local_route
item:20263,item,20263,天竺葵种子,ok,true,,5,seed,,,Crop_263,888,0,21,ItemInfo,/game-config/seed_images_named/Crop_263_Seed.png,images/item_20263_4f6e31eabe.png,local_route
item:20264,item,20264,红色郁金香种子,ok,true,,5,seed,,,Crop_264,8694,0,81,ItemInfo,/game-config/seed_images_named/Crop_264_Seed.png,images/item_20264_b804a223a0.png,local_route
item:20265,item,20265,朱雀花种子,ok,true,,5,seed,,,Crop_265,13680,0,61,ItemInfo,/game-config/seed_images_named/Crop_265_Seed.png,images/item_20265_ca6e102ba5.png,local_route
item:20266,item,20266,羊乳花种子,ok,true,,5,seed,,,Crop_266,20160,0,81,ItemInfo,/game-config/seed_images_named/Crop_266_Seed.png,images/item_20266_83c69c50df.png,local_route
item:20269,item,20269,桔梗花种子,ok,true,,5,seed,,,Crop_269,1560,0,41,ItemInfo,/game-config/seed_images_named/Crop_269_Seed.png,images/item_20269_fa9831e84b.png,local_route
item:20304,item,20304,黄金果种子,ok,true,,5,seed,,,Crop_304,2000,0,81,ItemInfo+live-seed-catalog,/game-config/seed_images_named/Crop_304_Seed.png,images/item_20304_daa1733fa4.png,local_route
item:20305,item,20305,韭菜种子,ok,true,,5,seed,,,Crop_305,1920,0,20,ItemInfo+live-seed-catalog,/game-config/seed_images_named/20305_%E9%9F%AD%E8%8F%9C_Crop_305_Seed.png,images/item_20305_6cca191d4a.png,local_route
item:20306,item,20306,芹菜种子,ok,true,,5,seed,,,Crop_306,2664,0,32,ItemInfo+live-seed-catalog,/game-config/seed_images_named/20306_%E8%8A%B9%E8%8F%9C_Crop_306_Seed.png,images/item_20306_11abd9fba0.png,local_route
item:20308,item,20308,核桃种子,ok,true,,5,seed,,,Crop_308,1488,0,35,ItemInfo+live-seed-catalog,/game-config/seed_images_named/20308_%E6%A0%B8%E6%A1%83_Crop_308_Seed.png,images/item_20308_80c6aec510.png,local_route
item:20396,item,20396,迎春花种子,ok,true,,5,seed,,,Crop_396,960,0,57,ItemInfo+live-seed-catalog,/game-config/seed_images_named/20396_%E8%BF%8E%E6%98%A5%E8%8A%B1_Crop_396_Seed.png,images/item_20396_3c5c398f8c.png,local_route
item:20413,item,20413,李子种子,ok,true,,5,seed,,,Crop_413,6264,0,75,ItemInfo+live-seed-catalog,/game-config/seed_images_named/20413_%E6%9D%8E%E5%AD%90_Crop_413_Seed.png,images/item_20413_542a3aead5.png,local_route
item:20416,item,20416,哈哈南瓜种子,ok,true,,5,seed,,,Crop_416,12000,0,31,ItemInfo+live-seed-catalog,/game-config/seed_images_named/Crop_416_Seed.png,images/item_20416_5fbd534ce6.png,local_route
item:20442,item,20442,睡莲种子,ok,true,,5,seed,,,Crop_442,5742,0,71,ItemInfo+live-seed-catalog,/game-config/seed_images_named/20442_%E7%9D%A1%E8%8E%B2_Crop_442_Seed.png,images/item_20442_9acd0d7006.png,local_route
item:21135,item,21135,艾草种子,ok,true,,5,seed,,,Crop_1135,1000,0,200,ItemInfo+live-seed-catalog,/miniapp-assets-cache/fbecaa419fc21cdecf70d15a0789a2c537edc5ec.png,images/item_21135_8bfff2c084.png,local_route
item:21542,item,21542,新春红包种子,ok,true,,5,seed,,,Crop_1542,400,0,30,ItemInfo,/game-config/seed_images_named/21542_%E6%96%B0%E6%98%A5%E7%BA%A2%E5%8C%85_Crop_1542_Seed.png,images/item_21542_a378ec6288.png,local_route
item:29998,item,29998,哈哈南瓜种子,ok,true,,5,seed,,,Crop_416,28080,0,31,ItemInfo,/game-config/seed_images_named/Crop_416_Seed.png,images/item_29998_5fbd534ce6.png,local_route
item:29999,item,29999,白萝卜种子,ok,true,,5,seed,,,Crop_2,0,0,1,ItemInfo,/game-config/seed_images_named/29999_%E7%99%BD%E8%90%9D%E5%8D%9C_Crop_2_Seed.png,images/item_29999_de77ec1e62.png,local_route
item:30025,item,30025,银杏树苗种子解锁卡,ok,true,,14,unknown,,,Crop_25,0,0,0,ItemInfo,/game-config/seed_images_named/Crop_25_Seed.png,images/item_30025_60d32f550f.png,local_route
item:30107,item,30107,仙人掌种子解锁卡,ok,true,,14,unknown,,,Crop_107,0,0,0,ItemInfo,/game-config/seed_images_named/Crop_107_Seed.png,images/item_30107_25b145eae8.png,local_route
item:30108,item,30108,铃兰种子解锁卡,ok,true,,14,unknown,,,Crop_108,0,0,0,ItemInfo,/game-config/seed_images_named/Crop_108_Seed.png,images/item_30108_7f1d1f0a09.png,local_route
item:30109,item,30109,蝴蝶兰种子解锁卡,ok,true,,14,unknown,,,Crop_109,0,0,0,ItemInfo,/game-config/seed_images_named/Crop_109_Seed.png,images/item_30109_707441d514.png,local_route
item:30111,item,30111,粉玫瑰种子解锁卡,ok,true,,14,unknown,,,Crop_111,0,0,0,ItemInfo,/game-config/seed_images_named/Crop_111_Seed.png,images/item_30111_8d26a6cfda.png,local_route
item:30112,item,30112,风信子种子解锁卡,ok,true,,14,unknown,,,Crop_112,0,0,0,ItemInfo,/game-config/seed_images_named/Crop_112_Seed.png,images/item_30112_3cec86e3b7.png,local_route
item:30113,item,30113,栀子花种子解锁卡,ok,true,,14,unknown,,,Crop_113,0,0,0,ItemInfo,/game-config/seed_images_named/Crop_113_Seed.png,images/item_30113_a74e19caec.png,local_route
item:30114,item,30114,蓝玫瑰种子解锁卡,ok,true,,14,unknown,,,Crop_114,0,0,0,ItemInfo,/game-config/seed_images_named/Crop_114_Seed.png,images/item_30114_e687f2e57b.png,local_route
item:30118,item,30118,水仙花种子解锁卡,ok,true,,14,unknown,,,Crop_118,0,0,0,ItemInfo,/game-config/seed_images_named/Crop_118_Seed.png,images/item_30118_255bac4d93.png,local_route
item:30121,item,30121,蔷薇种子解锁卡,ok,true,,14,unknown,,,Crop_121,0,0,0,ItemInfo,/game-config/seed_images_named/Crop_121_Seed.png,images/item_30121_c0878207b0.png,local_route
item:30122,item,30122,丁香花种子解锁卡,ok,true,,14,unknown,,,Crop_122,0,0,0,ItemInfo,/game-config/seed_images_named/Crop_122_Seed.png,images/item_30122_c90215b7f5.png,local_route
item:30123,item,30123,海棠花种子解锁卡,ok,true,,14,unknown,,,Crop_123,0,0,0,ItemInfo,/game-config/seed_images_named/Crop_123_Seed.png,images/item_30123_196aa36218.png,local_route
item:30129,item,30129,勿忘我种子解锁卡,ok,true,,14,unknown,,,Crop_129,0,0,0,ItemInfo,/game-config/seed_images_named/Crop_129_Seed.png,images/item_30129_9440d18574.png,local_route
item:30130,item,30130,琼花种子解锁卡,ok,true,,14,unknown,,,Crop_130,0,0,0,ItemInfo,/game-config/seed_images_named/Crop_130_Seed.png,images/item_30130_e499c8fa13.png,local_route
item:30134,item,30134,绿牡丹种子解锁卡,ok,true,,14,unknown,,,Crop_134,0,0,0,ItemInfo,/game-config/seed_images_named/Crop_134_Seed.png,images/item_30134_d37a057e2b.png,local_route
item:30136,item,30136,毛蟹爪莲种子解锁卡,ok,true,,14,unknown,,,Crop_136,0,0,0,ItemInfo,/game-config/seed_images_named/Crop_136_Seed.png,images/item_30136_11e4fc16b2.png,local_route
item:30139,item,30139,糖槭树花种子解锁卡,ok,true,,14,unknown,,,Crop_139,0,0,0,ItemInfo,/game-config/seed_images_named/Crop_139_Seed.png,images/item_30139_c7a93de91e.png,local_route
item:30140,item,30140,象牙红种子解锁卡,ok,true,,14,unknown,,,Crop_140,0,0,0,ItemInfo,/game-config/seed_images_named/Crop_140_Seed.png,images/item_30140_3e1720b2a1.png,local_route
item:30144,item,30144,七里香种子解锁卡,ok,true,,14,unknown,,,Crop_144,0,0,0,ItemInfo,/game-config/seed_images_named/Crop_144_Seed.png,images/item_30144_4e1b7f9131.png,local_route
item:30154,item,30154,月桂花种子解锁卡,ok,true,,14,unknown,,,Crop_154,0,0,0,ItemInfo,/game-config/seed_images_named/Crop_154_Seed.png,images/item_30154_7a68e6f4de.png,local_route
item:30165,item,30165,茱萸种子解锁卡,ok,true,,14,unknown,,,Crop_165,0,0,0,ItemInfo,/game-config/seed_images_named/Crop_165_Seed.png,images/item_30165_dfab58f912.png,local_route
item:30184,item,30184,卡特兰种子解锁卡,ok,true,,14,unknown,,,Crop_184,0,0,0,ItemInfo,/game-config/seed_images_named/Crop_184_Seed.png,images/item_30184_9e206647df.png,local_route
item:30185,item,30185,似何莲种子解锁卡,ok,true,,14,unknown,,,Crop_185,0,0,0,ItemInfo,/game-config/seed_images_named/Crop_185_Seed.png,images/item_30185_58052a949b.png,local_route
item:30186,item,30186,米兰种子解锁卡,ok,true,,14,unknown,,,Crop_186,0,0,0,ItemInfo,/game-config/seed_images_named/Crop_186_Seed.png,images/item_30186_6410045104.png,local_route
item:30193,item,30193,红云飞片种子解锁卡,ok,true,,14,unknown,,,Crop_193,0,0,0,ItemInfo,/game-config/seed_images_named/Crop_193_Seed.png,images/item_30193_8a68634861.png,local_route
item:30199,item,30199,石莲花种子解锁卡,ok,true,,14,unknown,,,Crop_199,0,0,0,ItemInfo,/game-config/seed_images_named/Crop_199_Seed.png,images/item_30199_64c6593802.png,local_route
item:30223,item,30223,夏蜡梅种子解锁卡,ok,true,,14,unknown,,,Crop_223,0,0,0,ItemInfo,/game-config/seed_images_named/Crop_223_Seed.png,images/item_30223_15f5990830.png,local_route
item:30224,item,30224,昙花种子解锁卡,ok,true,,14,unknown,,,Crop_224,0,0,0,ItemInfo,/game-config/seed_images_named/Crop_224_Seed.png,images/item_30224_4659707d1a.png,local_route
item:30249,item,30249,荷包牡丹种子解锁卡,ok,true,,14,unknown,,,Crop_249,0,0,0,ItemInfo,/game-config/seed_images_named/Crop_249_Seed.png,images/item_30249_fe5742dd23.png,local_route
item:30256,item,30256,石竹花种子解锁卡,ok,true,,14,unknown,,,Crop_256,0,0,0,ItemInfo,/game-config/seed_images_named/Crop_256_Seed.png,images/item_30256_ae42f4bea4.png,local_route
item:30257,item,30257,孔雀草种子解锁卡,ok,true,,14,unknown,,,Crop_257,0,0,0,ItemInfo,/game-config/seed_images_named/Crop_257_Seed.png,images/item_30257_96d7258134.png,local_route
item:30258,item,30258,欧石楠种子解锁卡,ok,true,,14,unknown,,,Crop_258,0,0,0,ItemInfo,/game-config/seed_images_named/Crop_258_Seed.png,images/item_30258_c74debd8e6.png,local_route
item:30261,item,30261,针垫花种子解锁卡,ok,true,,14,unknown,,,Crop_261,0,0,0,ItemInfo,/game-config/seed_images_named/Crop_261_Seed.png,images/item_30261_1ef03a8af8.png,local_route
item:30262,item,30262,帝王花种子解锁卡,ok,true,,14,unknown,,,Crop_262,0,0,0,ItemInfo,/game-config/seed_images_named/Crop_262_Seed.png,images/item_30262_33b1a6942b.png,local_route
item:30263,item,30263,天竺葵种子解锁卡,ok,true,,14,unknown,,,Crop_263,0,0,0,ItemInfo,/game-config/seed_images_named/Crop_263_Seed.png,images/item_30263_4f6e31eabe.png,local_route
item:30264,item,30264,红色郁金香种子解锁卡,ok,true,,14,unknown,,,Crop_264,0,0,0,ItemInfo,/game-config/seed_images_named/Crop_264_Seed.png,images/item_30264_b804a223a0.png,local_route
item:30265,item,30265,朱雀花种子解锁卡,ok,true,,14,unknown,,,Crop_265,0,0,0,ItemInfo,/game-config/seed_images_named/Crop_265_Seed.png,images/item_30265_ca6e102ba5.png,local_route
item:30266,item,30266,羊乳花种子解锁卡,ok,true,,14,unknown,,,Crop_266,0,0,0,ItemInfo,/game-config/seed_images_named/Crop_266_Seed.png,images/item_30266_83c69c50df.png,local_route
item:30269,item,30269,桔梗花种子解锁卡,ok,true,,14,unknown,,,Crop_269,0,0,0,ItemInfo,/game-config/seed_images_named/Crop_269_Seed.png,images/item_30269_fa9831e84b.png,local_route
item:30304,item,30304,黄金果种子解锁卡,ok,true,,14,unknown,,,Crop_304,0,0,0,ItemInfo,/game-config/seed_images_named/Crop_304_Seed.png,images/item_30304_daa1733fa4.png,local_route
item:40001,item,40001,草莓,ok,true,,6,fruit,,,Crop_1,56,0,38,ItemInfo,/game-config/seed_images_named/20001_%E8%8D%89%E8%8E%93_Crop_1_Seed.png,images/item_40001_62bada5173.png,local_route
item:40002,item,40002,白萝卜,ok,true,,6,fruit,,,Crop_2,2,0,1,ItemInfo,/game-config/seed_images_named/29999_%E7%99%BD%E8%90%9D%E5%8D%9C_Crop_2_Seed.png,images/item_40002_de77ec1e62.png,local_route
item:40003,item,40003,胡萝卜,ok,true,,6,fruit,,,Crop_3,2,0,2,ItemInfo,/game-config/seed_images_named/20003_%E8%83%A1%E8%90%9D%E5%8D%9C_Crop_3_Seed.png,images/item_40003_3bd7efa1a2.png,local_route
item:40004,item,40004,玉米,ok,true,,6,fruit,,,Crop_4,21,0,8,ItemInfo,/game-config/seed_images_named/20004_%E7%8E%89%E7%B1%B3_Crop_4_Seed.png,images/item_40004_d2c23522d4.png,local_route
item:40005,item,40005,土豆,ok,true,,6,fruit,,,Crop_5,22,0,10,ItemInfo,/game-config/seed_images_named/20005_%E5%9C%9F%E8%B1%86_Crop_5_Seed.png,images/item_40005_1a908e26cf.png,local_route
item:40006,item,40006,茄子,ok,true,,6,fruit,,,Crop_6,28,0,14,ItemInfo,/game-config/seed_images_named/20006_%E8%8C%84%E5%AD%90_Crop_6_Seed.png,images/item_40006_4015d15bf2.png,local_route
item:40007,item,40007,番茄,ok,true,,6,fruit,,,Crop_7,32,0,18,ItemInfo,/game-config/seed_images_named/20007_%E7%95%AA%E8%8C%84_Crop_7_Seed.png,images/item_40007_bb601ff4dd.png,local_route
item:40008,item,40008,豌豆,ok,true,,6,fruit,,,Crop_8,35,0,22,ItemInfo,/game-config/seed_images_named/20008_%E8%B1%8C%E8%B1%86_Crop_8_Seed.png,images/item_40008_f7ade8bb60.png,local_route
item:40009,item,40009,辣椒,ok,true,,6,fruit,,,Crop_9,44,0,30,ItemInfo,/game-config/seed_images_named/20009_%E8%BE%A3%E6%A4%92_Crop_9_Seed.png,images/item_40009_66dfe1d44b.png,local_route
item:40010,item,40010,南瓜,ok,true,,6,fruit,,,Crop_10,49,0,34,ItemInfo,/game-config/seed_images_named/20010_%E5%8D%97%E7%93%9C_Crop_10_Seed.png,images/item_40010_0a52b3c97c.png,local_route
item:40011,item,40011,苹果,ok,true,,6,fruit,,,Crop_11,84,0,39,ItemInfo,/game-config/seed_images_named/20011_%E8%8B%B9%E6%9E%9C_Crop_11_Seed.png,images/item_40011_4564c1b628.png,local_route
item:40013,item,40013,葡萄,ok,true,,6,fruit,,,Crop_13,86,0,54,ItemInfo,/game-config/seed_images_named/20013_%E8%91%A1%E8%90%84_Crop_13_Seed.png,images/item_40013_48362af46f.png,local_route
item:40014,item,40014,西瓜,ok,true,,6,fruit,,,Crop_14,70,0,46,ItemInfo,/game-config/seed_images_named/20014_%E8%A5%BF%E7%93%9C_Crop_14_Seed.png,images/item_40014_2fbbe0edb0.png,local_route
item:40015,item,40015,香蕉,ok,true,,6,fruit,,,Crop_15,210,0,48,ItemInfo,/game-config/seed_images_named/20015_%E9%A6%99%E8%95%89_Crop_15_Seed.png,images/item_40015_40937a2946.png,local_route
item:40016,item,40016,菠萝蜜,ok,true,,6,fruit,,,Crop_16,117,0,134,ItemInfo,/game-config/seed_images_named/20016_%E8%8F%A0%E8%90%9D%E8%9C%9C_Crop_16_Seed.png,images/item_40016_e61d93343e.png,local_route
item:40018,item,40018,桃子,ok,true,,6,fruit,,,Crop_18,78,0,50,ItemInfo,/game-config/seed_images_named/20018_%E6%A1%83%E5%AD%90_Crop_18_Seed.png,images/item_40018_007c28e813.png,local_route
item:40019,item,40019,橙子,ok,true,,6,fruit,,,Crop_19,234,0,52,ItemInfo,/game-config/seed_images_named/20019_%E6%A9%99%E5%AD%90_Crop_19_Seed.png,images/item_40019_51526ac5b1.png,local_route
item:40022,item,40022,鳄梨,ok,true,,6,fruit,,,Crop_22,351,0,138,ItemInfo,/game-config/seed_images_named/20022_%E9%B3%84%E6%A2%A8_Crop_22_Seed.png,images/item_40022_b323b80a65.png,local_route
item:40023,item,40023,石榴,ok,true,,6,fruit,,,Crop_23,96,0,58,ItemInfo,/game-config/seed_images_named/20023_%E7%9F%B3%E6%A6%B4_Crop_23_Seed.png,images/item_40023_4e19aa8794.png,local_route
item:40025,item,40025,银杏树苗,ok,true,,6,fruit,,,Crop_25,240,0,200,ItemInfo,/game-config/seed_images_named/Crop_25_Seed.png,images/item_40025_60d32f550f.png,local_route
item:40026,item,40026,柚子,ok,true,,6,fruit,,,Crop_26,288,0,60,ItemInfo,/game-config/seed_images_named/20026_%E6%9F%9A%E5%AD%90_Crop_26_Seed.png,images/item_40026_32c3ea8f86.png,local_route
item:40027,item,40027,菠萝,ok,true,,6,fruit,,,Crop_27,79,0,62,ItemInfo,/game-config/seed_images_named/20027_%E8%8F%A0%E8%90%9D_Crop_27_Seed.png,images/item_40027_385d836852.png,local_route
item:40029,item,40029,椰子,ok,true,,6,fruit,,,Crop_29,43,0,65,ItemInfo,/game-config/seed_images_named/20029_%E6%A4%B0%E5%AD%90_Crop_29_Seed.png,images/item_40029_7b2f76f4ed.png,local_route
item:40031,item,40031,葫芦,ok,true,,6,fruit,,,Crop_31,261,0,68,ItemInfo,/game-config/seed_images_named/20031_%E8%91%AB%E8%8A%A6_Crop_31_Seed.png,images/item_40031_d4d80097e5.png,local_route
item:40033,item,40033,火龙果,ok,true,,6,fruit,,,Crop_33,287,0,72,ItemInfo,/game-config/seed_images_named/20033_%E7%81%AB%E9%BE%99%E6%9E%9C_Crop_33_Seed.png,images/item_40033_a7c5e2cc3e.png,local_route
item:40034,item,40034,樱桃,ok,true,,6,fruit,,,Crop_34,104,0,74,ItemInfo,/game-config/seed_images_named/20034_%E6%A8%B1%E6%A1%83_Crop_34_Seed.png,images/item_40034_3b821fc886.png,local_route
item:40035,item,40035,荔枝,ok,true,,6,fruit,,,Crop_35,313,0,76,ItemInfo,/game-config/seed_images_named/20035_%E8%8D%94%E6%9E%9D_Crop_35_Seed.png,images/item_40035_3df14d0d82.png,local_route
item:40036,item,40036,箬竹,ok,true,,6,fruit,,,Crop_36,118,0,63,ItemInfo,/game-config/seed_images_named/20036_%E7%AE%AC%E7%AB%B9_Crop_36_Seed.png,images/item_40036_f60ea269b7.png,local_route
item:40037,item,40037,莲藕,ok,true,,6,fruit,,,Crop_37,52,0,23,ItemInfo,/game-config/seed_images_named/20037_%E8%8E%B2%E8%97%95_Crop_37_Seed.png,images/item_40037_885c9dd87a.png,local_route
item:40038,item,40038,木瓜,ok,true,,6,fruit,,,Crop_38,114,0,78,ItemInfo,/game-config/seed_images_named/20038_%E6%9C%A8%E7%93%9C_Crop_38_Seed.png,images/item_40038_cfc63597f8.png,local_route
item:40039,item,40039,杨桃,ok,true,,6,fruit,,,Crop_39,61,0,81,ItemInfo,/game-config/seed_images_named/20039_%E6%9D%A8%E6%A1%83_Crop_39_Seed.png,images/item_40039_25fd32c892.png,local_route
item:40041,item,40041,红玫瑰,ok,true,,6,fruit,,,Crop_41,105,0,24,ItemInfo,/game-config/seed_images_named/20041_%E7%BA%A2%E7%8E%AB%E7%91%B0_Crop_41_Seed.png,images/item_40041_0172c99ffd.png,local_route
item:40042,item,40042,柠檬,ok,true,,6,fruit,,,Crop_42,370,0,84,ItemInfo,/game-config/seed_images_named/20042_%E6%9F%A0%E6%AA%AC_Crop_42_Seed.png,images/item_40042_2f4ebf0e68.png,local_route
item:40043,item,40043,无花果,ok,true,,6,fruit,,,Crop_43,237,0,64,ItemInfo,/game-config/seed_images_named/20043_%E6%97%A0%E8%8A%B1%E6%9E%9C_Crop_43_Seed.png,images/item_40043_1a439103c3.png,local_route
item:40044,item,40044,丝瓜,ok,true,,6,fruit,,,Crop_44,129,0,55,ItemInfo,/game-config/seed_images_named/20044_%E4%B8%9D%E7%93%9C_Crop_44_Seed.png,images/item_40044_9643028541.png,local_route
item:40045,item,40045,猕猴桃,ok,true,,6,fruit,,,Crop_45,47,0,69,ItemInfo,/game-config/seed_images_named/20045_%E7%8C%95%E7%8C%B4%E6%A1%83_Crop_45_Seed.png,images/item_40045_0533b867f5.png,local_route
item:40046,item,40046,爱心果,ok,true,,6,fruit,,,Crop_46,320,0,202,ItemInfo,/game-config/seed_images_named/Crop_46_Seed.png,images/item_40046_28e60201ad.png,local_route
item:40047,item,40047,甘蔗,ok,true,,6,fruit,,,Crop_47,117,0,51,ItemInfo,/game-config/seed_images_named/20047_%E7%94%98%E8%94%97_Crop_47_Seed.png,images/item_40047_09f36bf51e.png,local_route
item:40048,item,40048,杨梅,ok,true,,6,fruit,,,Crop_48,134,0,86,ItemInfo,/game-config/seed_images_named/20048_%E6%9D%A8%E6%A2%85_Crop_48_Seed.png,images/item_40048_cdb275d99c.png,local_route
item:40049,item,40049,花生,ok,true,,6,fruit,,,Crop_49,87,0,66,ItemInfo,/game-config/seed_images_named/20049_%E8%8A%B1%E7%94%9F_Crop_49_Seed.png,images/item_40049_d55d448757.png,local_route
item:40050,item,40050,蘑菇,ok,true,,6,fruit,,,Crop_50,39,0,61,ItemInfo,/game-config/seed_images_named/20050_%E8%98%91%E8%8F%87_Crop_50_Seed.png,images/item_40050_375179c037.png,local_route
item:40051,item,40051,红枣,ok,true,,6,fruit,,,Crop_51,43,0,15,ItemInfo,/game-config/seed_images_named/20051_%E7%BA%A2%E6%9E%A3_Crop_51_Seed.png,images/item_40051_b4d538afdb.png,local_route
item:40052,item,40052,金针菇,ok,true,,6,fruit,,,Crop_52,130,0,67,ItemInfo,/game-config/seed_images_named/20052_%E9%87%91%E9%92%88%E8%8F%87_Crop_52_Seed.png,images/item_40052_7204d0ba15.png,local_route
item:40053,item,40053,桂圆,ok,true,,6,fruit,,,Crop_53,171,0,79,ItemInfo,/game-config/seed_images_named/20053_%E6%A1%82%E5%9C%86_Crop_53_Seed.png,images/item_40053_dc2a51be99.png,local_route
item:40054,item,40054,梨,ok,true,,6,fruit,,,Crop_54,95,0,70,ItemInfo,/game-config/seed_images_named/20054_%E6%A2%A8_Crop_54_Seed.png,images/item_40054_cb24215752.png,local_route
item:40055,item,40055,枇杷,ok,true,,6,fruit,,,Crop_55,52,0,73,ItemInfo,/game-config/seed_images_named/20055_%E6%9E%87%E6%9D%B7_Crop_55_Seed.png,images/item_40055_c3415dfa4e.png,local_route
item:40056,item,40056,哈密瓜,ok,true,,6,fruit,,,Crop_56,123,0,82,ItemInfo,/game-config/seed_images_named/20056_%E5%93%88%E5%AF%86%E7%93%9C_Crop_56_Seed.png,images/item_40056_4aa97eb42c.png,local_route
item:40057,item,40057,芒果,ok,true,,6,fruit,,,Crop_57,67,0,85,ItemInfo,/game-config/seed_images_named/20057_%E8%8A%92%E6%9E%9C_Crop_57_Seed.png,images/item_40057_6ef7b5dcd8.png,local_route
item:40058,item,40058,榴莲,ok,true,,6,fruit,,,Crop_58,201,0,87,ItemInfo,/game-config/seed_images_named/20058_%E6%A6%B4%E8%8E%B2_Crop_58_Seed.png,images/item_40058_e0ea4bc6b1.png,local_route
item:40059,item,40059,大白菜,ok,true,,6,fruit,,,Crop_59,2,0,3,ItemInfo,/game-config/seed_images_named/20059_%E5%A4%A7%E7%99%BD%E8%8F%9C_Crop_59_Seed.png,images/item_40059_83aaa753f0.png,local_route
item:40060,item,40060,水稻,ok,true,,6,fruit,,,Crop_60,14,0,6,ItemInfo,/game-config/seed_images_named/20060_%E6%B0%B4%E7%A8%BB_Crop_60_Seed.png,images/item_40060_21022d1b9d.png,local_route
item:40061,item,40061,小麦,ok,true,,6,fruit,,,Crop_61,15,0,7,ItemInfo,/game-config/seed_images_named/20061_%E5%B0%8F%E9%BA%A6_Crop_61_Seed.png,images/item_40061_e46795ffa2.png,local_route
item:40062,item,40062,四叶草,ok,true,,6,fruit,,,Crop_62,168,0,40,ItemInfo,/game-config/seed_images_named/20062_%E5%9B%9B%E5%8F%B6%E8%8D%89_Crop_62_Seed.png,images/item_40062_0941b20526.png,local_route
item:40063,item,40063,苦瓜,ok,true,,6,fruit,,,Crop_63,234,0,95,ItemInfo,/game-config/seed_images_named/20063_%E8%8B%A6%E7%93%9C_Crop_63_Seed.png,images/item_40063_1889acb3de.png,local_route
item:40064,item,40064,大葱,ok,true,,6,fruit,,,Crop_64,7,0,5,ItemInfo,/game-config/seed_images_named/20064_%E5%A4%A7%E8%91%B1_Crop_64_Seed.png,images/item_40064_ccf9bd1361.png,local_route
item:40065,item,40065,大蒜,ok,true,,6,fruit,,,Crop_65,5,0,4,ItemInfo,/game-config/seed_images_named/20065_%E5%A4%A7%E8%92%9C_Crop_65_Seed.png,images/item_40065_052e82eac1.png,local_route
item:40066,item,40066,鲜姜,ok,true,,6,fruit,,,Crop_66,18,0,9,ItemInfo,/game-config/seed_images_named/20066_%E9%B2%9C%E5%A7%9C_Crop_66_Seed.png,images/item_40066_6738fee47b.png,local_route
item:40067,item,40067,香瓜,ok,true,,6,fruit,,,Crop_67,57,0,77,ItemInfo,/game-config/seed_images_named/20067_%E9%A6%99%E7%93%9C_Crop_67_Seed.png,images/item_40067_832711694b.png,local_route
item:40068,item,40068,冬瓜,ok,true,,6,fruit,,,Crop_68,84,0,97,ItemInfo,/game-config/seed_images_named/20068_%E5%86%AC%E7%93%9C_Crop_68_Seed.png,images/item_40068_764e17d40b.png,local_route
item:40069,item,40069,莴笋,ok,true,,6,fruit,,,Crop_69,180,0,104,ItemInfo,/game-config/seed_images_named/Crop_69_Seed.png,images/item_40069_cf6336913e.png,local_route
item:40070,item,40070,黄豆,ok,true,,6,fruit,,,Crop_70,105,0,47,ItemInfo,/game-config/seed_images_named/20070_%E9%BB%84%E8%B1%86_Crop_70_Seed.png,images/item_40070_9be0d86f04.png,local_route
item:40071,item,40071,小白菜,ok,true,,6,fruit,,,Crop_71,20,0,11,ItemInfo,/game-config/seed_images_named/20071_%E5%B0%8F%E7%99%BD%E8%8F%9C_Crop_71_Seed.png,images/item_40071_6a95fe7245.png,local_route
item:40072,item,40072,榛子,ok,true,,6,fruit,,,Crop_72,259,0,56,ItemInfo,/game-config/seed_images_named/20072_%E6%A6%9B%E5%AD%90_Crop_72_Seed.png,images/item_40072_aa89a6f508.png,local_route
item:40073,item,40073,菠菜,ok,true,,6,fruit,,,Crop_73,28,0,37,ItemInfo,/game-config/seed_images_named/20073_%E8%8F%A0%E8%8F%9C_Crop_73_Seed.png,images/item_40073_9030e6c2d5.png,local_route
item:40074,item,40074,金桔,ok,true,,6,fruit,,,Crop_74,504,0,100,ItemInfo,/game-config/seed_images_named/20074_%E9%87%91%E6%A1%94_Crop_74_Seed.png,images/item_40074_5b9b25a0de.png,local_route
item:40075,item,40075,桑葚,ok,true,,6,fruit,,,Crop_75,185,0,83,ItemInfo,/game-config/seed_images_named/20075_%E6%A1%91%E8%91%9A_Crop_75_Seed.png,images/item_40075_f79b06b8f0.png,local_route
item:40076,item,40076,山竹,ok,true,,6,fruit,,,Crop_76,434,0,92,ItemInfo,/game-config/seed_images_named/20076_%E5%B1%B1%E7%AB%B9_Crop_76_Seed.png,images/item_40076_ef4eff90a6.png,local_route
item:40077,item,40077,蓝莓,ok,true,,6,fruit,,,Crop_77,144,0,90,ItemInfo,/game-config/seed_images_named/20077_%E8%93%9D%E8%8E%93_Crop_77_Seed.png,images/item_40077_c433d04753.png,local_route
item:40078,item,40078,杏子,ok,true,,6,fruit,,,Crop_78,252,0,99,ItemInfo,/game-config/seed_images_named/20078_%E6%9D%8F%E5%AD%90_Crop_78_Seed.png,images/item_40078_f9c5bc0774.png,local_route
item:40079,item,40079,番石榴,ok,true,,6,fruit,,,Crop_79,402,0,88,ItemInfo,/game-config/seed_images_named/20079_%E7%95%AA%E7%9F%B3%E6%A6%B4_Crop_79_Seed.png,images/item_40079_a7401cfb50.png,local_route
item:40080,item,40080,月柿,ok,true,,6,fruit,,,Crop_80,342,0,80,ItemInfo,/game-config/seed_images_named/20080_%E6%9C%88%E6%9F%BF_Crop_80_Seed.png,images/item_40080_8c9f1ccefd.png,local_route
item:40083,item,40083,红毛丹,ok,true,,6,fruit,,,Crop_83,90,0,102,ItemInfo,/game-config/seed_images_named/20083_%E7%BA%A2%E6%AF%9B%E4%B8%B9_Crop_83_Seed.png,images/item_40083_8d74da6e64.png,local_route
item:40084,item,40084,芭蕉,ok,true,,6,fruit,,,Crop_84,270,0,106,ItemInfo,/game-config/seed_images_named/20084_%E8%8A%AD%E8%95%89_Crop_84_Seed.png,images/item_40084_2aae56b526.png,local_route
item:40085,item,40085,番荔枝,ok,true,,6,fruit,,,Crop_85,96,0,110,ItemInfo,/game-config/seed_images_named/20085_%E7%95%AA%E8%8D%94%E6%9E%9D_Crop_85_Seed.png,images/item_40085_92397f6f0a.png,local_route
item:40086,item,40086,橄榄,ok,true,,6,fruit,,,Crop_86,289,0,114,ItemInfo,/game-config/seed_images_named/20086_%E6%A9%84%E6%A6%84_Crop_86_Seed.png,images/item_40086_e3690ccf80.png,local_route
item:40087,item,40087,百香果,ok,true,,6,fruit,,,Crop_87,103,0,118,ItemInfo,/game-config/seed_images_named/20087_%E7%99%BE%E9%A6%99%E6%9E%9C_Crop_87_Seed.png,images/item_40087_2062661844.png,local_route
item:40088,item,40088,灯笼果,ok,true,,6,fruit,,,Crop_88,309,0,122,ItemInfo,/game-config/seed_images_named/20088_%E7%81%AF%E7%AC%BC%E6%9E%9C_Crop_88_Seed.png,images/item_40088_a18f9ccc50.png,local_route
item:40089,item,40089,芦荟,ok,true,,6,fruit,,,Crop_89,109,0,126,ItemInfo,/game-config/seed_images_named/20089_%E8%8A%A6%E8%8D%9F_Crop_89_Seed.png,images/item_40089_b31f08f257.png,local_route
item:40090,item,40090,薄荷,ok,true,,6,fruit,,,Crop_90,329,0,130,ItemInfo,/game-config/seed_images_named/20090_%E8%96%84%E8%8D%B7_Crop_90_Seed.png,images/item_40090_18a30c0df8.png,local_route
item:40091,item,40091,山楂,ok,true,,6,fruit,,,Crop_91,148,0,36,ItemInfo,/game-config/seed_images_named/20091_%E5%B1%B1%E6%A5%82_Crop_91_Seed.png,images/item_40091_3c6cb318bd.png,local_route
item:40092,item,40092,稀世琉璃果,ok,true,,6,fruit,,,Crop_92,2473,0,91,ItemInfo,/game-config/seed_images_named/Crop_92_Seed.png,images/item_40092_22c19f5018.png,local_route
item:40095,item,40095,栗子,ok,true,,6,fruit,,,Crop_95,144,0,59,ItemInfo,/game-config/seed_images_named/20095_%E6%A0%97%E5%AD%90_Crop_95_Seed.png,images/item_40095_aed5642a27.png,local_route
item:40096,item,40096,生菜,ok,true,,6,fruit,,,Crop_96,25,0,12,ItemInfo,/game-config/seed_images_named/20096_%E7%94%9F%E8%8F%9C_Crop_96_Seed.png,images/item_40096_ae397f6c13.png,local_route
item:40097,item,40097,黄瓜,ok,true,,6,fruit,,,Crop_97,66,0,31,ItemInfo,/game-config/seed_images_named/20097_%E9%BB%84%E7%93%9C_Crop_97_Seed.png,images/item_40097_f2e0f5f697.png,local_route
item:40098,item,40098,花菜,ok,true,,6,fruit,,,Crop_98,48,0,19,ItemInfo,/game-config/seed_images_named/20098_%E8%8A%B1%E8%8F%9C_Crop_98_Seed.png,images/item_40098_e66d03c843.png,local_route
item:40099,item,40099,油菜,ok,true,,6,fruit,,,Crop_99,14,0,13,ItemInfo,/game-config/seed_images_named/20099_%E6%B2%B9%E8%8F%9C_Crop_99_Seed.png,images/item_40099_0c26111f10.png,local_route
item:40100,item,40100,竹笋,ok,true,,6,fruit,,,Crop_100,39,0,49,ItemInfo,/game-config/seed_images_named/20100_%E7%AB%B9%E7%AC%8B_Crop_100_Seed.png,images/item_40100_b9349fc1e9.png,local_route
item:40101,item,40101,薰衣草,ok,true,,6,fruit,,,Crop_101,372,0,146,ItemInfo,/game-config/seed_images_named/Crop_101_Seed.png,images/item_40101_6ba80b189c.png,local_route
item:40102,item,40102,马蹄莲,ok,true,,6,fruit,,,Crop_102,745,0,148,ItemInfo,/game-config/seed_images_named/Crop_102_Seed.png,images/item_40102_fb9132d3d1.png,local_route
item:40103,item,40103,天香百合,ok,true,,6,fruit,,,Crop_103,24,0,33,ItemInfo,/game-config/seed_images_named/20103_%E5%A4%A9%E9%A6%99%E7%99%BE%E5%90%88_Crop_103_Seed.png,images/item_40103_0140c36920.png,local_route
item:40104,item,40104,非洲菊,ok,true,,6,fruit,,,Crop_104,31,0,41,ItemInfo,/game-config/seed_images_named/20104_%E9%9D%9E%E6%B4%B2%E8%8F%8A_Crop_104_Seed.png,images/item_40104_a202d8cf42.png,local_route
item:40105,item,40105,小雏菊,ok,true,,6,fruit,,,Crop_105,17,0,21,ItemInfo,/game-config/seed_images_named/20105_%E5%B0%8F%E9%9B%8F%E8%8F%8A_Crop_105_Seed.png,images/item_40105_a337d45de8.png,local_route
item:40106,item,40106,郁金香,ok,true,,6,fruit,,,Crop_106,248,0,144,ItemInfo,/game-config/seed_images_named/Crop_106_Seed.png,images/item_40106_d22bab24f9.png,local_route
item:40107,item,40107,仙人掌,ok,true,,6,fruit,,,Crop_107,206,0,101,ItemInfo,/game-config/seed_images_named/Crop_107_Seed.png,images/item_40107_25b145eae8.png,local_route
item:40108,item,40108,铃兰,ok,true,,6,fruit,,,Crop_108,103,0,101,ItemInfo,/game-config/seed_images_named/Crop_108_Seed.png,images/item_40108_7f1d1f0a09.png,local_route
item:40109,item,40109,蝴蝶兰,ok,true,,6,fruit,,,Crop_109,240,0,200,ItemInfo,/game-config/seed_images_named/Crop_109_Seed.png,images/item_40109_707441d514.png,local_route
item:40110,item,40110,满天星,ok,true,,6,fruit,,,Crop_110,39,0,26,ItemInfo,/game-config/seed_images_named/20110_%E6%BB%A1%E5%A4%A9%E6%98%9F_Crop_110_Seed.png,images/item_40110_499b65e457.png,local_route
item:40111,item,40111,粉玫瑰,ok,true,,6,fruit,,,Crop_111,117,0,41,ItemInfo,/game-config/seed_images_named/Crop_111_Seed.png,images/item_40111_8d26a6cfda.png,local_route
item:40112,item,40112,风信子,ok,true,,6,fruit,,,Crop_112,240,0,200,ItemInfo,/game-config/seed_images_named/Crop_112_Seed.png,images/item_40112_3cec86e3b7.png,local_route
item:40113,item,40113,栀子花,ok,true,,6,fruit,,,Crop_113,95,0,61,ItemInfo,/game-config/seed_images_named/Crop_113_Seed.png,images/item_40113_a74e19caec.png,local_route
item:40114,item,40114,蓝玫瑰,ok,true,,6,fruit,,,Crop_114,144,0,81,ItemInfo,/game-config/seed_images_named/Crop_114_Seed.png,images/item_40114_e687f2e57b.png,local_route
item:40115,item,40115,兰花,ok,true,,6,fruit,,,Crop_115,791,0,156,ItemInfo,/game-config/seed_images_named/Crop_115_Seed.png,images/item_40115_ef8e7a4021.png,local_route
item:40116,item,40116,曼陀罗华,ok,true,,6,fruit,,,Crop_116,78,0,93,ItemInfo,/game-config/seed_images_named/20116_%E6%9B%BC%E9%99%80%E7%BD%97%E5%8D%8E_Crop_116_Seed.png,images/item_40116_38e0e20565.png,local_route
item:40118,item,40118,水仙花,ok,true,,6,fruit,,,Crop_118,143,0,61,ItemInfo,/game-config/seed_images_named/Crop_118_Seed.png,images/item_40118_255bac4d93.png,local_route
item:40120,item,40120,蒲公英,ok,true,,6,fruit,,,Crop_120,86,0,16,ItemInfo,/game-config/seed_images_named/20120_%E8%92%B2%E5%85%AC%E8%8B%B1_Crop_120_Seed.png,images/item_40120_aa0ecf7cc0.png,local_route
item:40121,item,40121,蔷薇,ok,true,,6,fruit,,,Crop_121,240,0,200,ItemInfo,/game-config/seed_images_named/Crop_121_Seed.png,images/item_40121_c0878207b0.png,local_route
item:40122,item,40122,丁香花,ok,true,,6,fruit,,,Crop_122,47,0,61,ItemInfo,/game-config/seed_images_named/Crop_122_Seed.png,images/item_40122_c90215b7f5.png,local_route
item:40123,item,40123,海棠花,ok,true,,6,fruit,,,Crop_123,309,0,101,ItemInfo,/game-config/seed_images_named/Crop_123_Seed.png,images/item_40123_196aa36218.png,local_route
item:40124,item,40124,月季花,ok,true,,6,fruit,,,Crop_124,395,0,154,ItemInfo,/game-config/seed_images_named/Crop_124_Seed.png,images/item_40124_a89230a533.png,local_route
item:40126,item,40126,曼珠沙华,ok,true,,6,fruit,,,Crop_126,156,0,94,ItemInfo,/game-config/seed_images_named/20126_%E6%9B%BC%E7%8F%A0%E6%B2%99%E5%8D%8E_Crop_126_Seed.png,images/item_40126_9730e76031.png,local_route
item:40128,item,40128,茉莉花,ok,true,,6,fruit,,,Crop_128,43,0,53,ItemInfo,/game-config/seed_images_named/20128_%E8%8C%89%E8%8E%89%E8%8A%B1_Crop_128_Seed.png,images/item_40128_e8235f49ab.png,local_route
item:40129,item,40129,勿忘我,ok,true,,6,fruit,,,Crop_129,144,0,81,ItemInfo,/game-config/seed_images_named/Crop_129_Seed.png,images/item_40129_9440d18574.png,local_route
item:40130,item,40130,琼花,ok,true,,6,fruit,,,Crop_130,309,0,101,ItemInfo,/game-config/seed_images_named/Crop_130_Seed.png,images/item_40130_e499c8fa13.png,local_route
item:40131,item,40131,六月雪,ok,true,,6,fruit,,,Crop_131,279,0,160,ItemInfo,/game-config/seed_images_named/Crop_131_Seed.png,images/item_40131_c659e0166c.png,local_route
item:40132,item,40132,蓝铃花,ok,true,,6,fruit,,,Crop_132,418,0,162,ItemInfo,/game-config/seed_images_named/Crop_132_Seed.png,images/item_40132_8cf0f194e8.png,local_route
item:40134,item,40134,绿牡丹,ok,true,,6,fruit,,,Crop_134,39,0,41,ItemInfo,/game-config/seed_images_named/Crop_134_Seed.png,images/item_40134_d37a057e2b.png,local_route
item:40135,item,40135,火绒草,ok,true,,6,fruit,,,Crop_135,62,0,42,ItemInfo,/game-config/seed_images_named/20135_%E7%81%AB%E7%BB%92%E8%8D%89_Crop_135_Seed.png,images/item_40135_d21b5cbfdb.png,local_route
item:40136,item,40136,毛蟹爪莲,ok,true,,6,fruit,,,Crop_136,78,0,41,ItemInfo,/game-config/seed_images_named/Crop_136_Seed.png,images/item_40136_11e4fc16b2.png,local_route
item:40139,item,40139,糖槭树花,ok,true,,6,fruit,,,Crop_139,117,0,41,ItemInfo,/game-config/seed_images_named/Crop_139_Seed.png,images/item_40139_c7a93de91e.png,local_route
item:40140,item,40140,象牙红,ok,true,,6,fruit,,,Crop_140,39,0,41,ItemInfo,/game-config/seed_images_named/Crop_140_Seed.png,images/item_40140_3e1720b2a1.png,local_route
item:40141,item,40141,花香根鸢尾,ok,true,,6,fruit,,,Crop_141,93,0,43,ItemInfo,/game-config/seed_images_named/20141_%E8%8A%B1%E9%A6%99%E6%A0%B9%E9%B8%A2%E5%B0%BE_Crop_141_Seed.png,images/item_40141_479074f203.png,local_route
item:40142,item,40142,虞美人,ok,true,,6,fruit,,,Crop_142,187,0,44,ItemInfo,/game-config/seed_images_named/20142_%E8%99%9E%E7%BE%8E%E4%BA%BA_Crop_142_Seed.png,images/item_40142_f4ecb22684.png,local_route
item:40143,item,40143,含羞草,ok,true,,6,fruit,,,Crop_143,59,0,27,ItemInfo,/game-config/seed_images_named/20143_%E5%90%AB%E7%BE%9E%E8%8D%89_Crop_143_Seed.png,images/item_40143_1b3ba73526.png,local_route
item:40144,item,40144,七里香,ok,true,,6,fruit,,,Crop_144,95,0,61,ItemInfo,/game-config/seed_images_named/Crop_144_Seed.png,images/item_40144_4e1b7f9131.png,local_route
item:40145,item,40145,向日葵,ok,true,,6,fruit,,,Crop_145,35,0,45,ItemInfo,/game-config/seed_images_named/20145_%E5%90%91%E6%97%A5%E8%91%B5_Crop_145_Seed.png,images/item_40145_afab0be6da.png,local_route
item:40147,item,40147,牵牛花,ok,true,,6,fruit,,,Crop_147,118,0,28,ItemInfo,/game-config/seed_images_named/20147_%E7%89%B5%E7%89%9B%E8%8A%B1_Crop_147_Seed.png,images/item_40147_175226b783.png,local_route
item:40154,item,40154,月桂花,ok,true,,6,fruit,,,Crop_154,66,0,21,ItemInfo,/game-config/seed_images_named/Crop_154_Seed.png,images/item_40154_7a68e6f4de.png,local_route
item:40161,item,40161,黄色秋菊,ok,true,,6,fruit,,,Crop_161,19,0,25,ItemInfo,/game-config/seed_images_named/20161_%E7%A7%8B%E8%8F%8A%EF%BC%88%E9%BB%84%E8%89%B2%EF%BC%89_Crop_161_Seed.png,images/item_40161_6c3cba847a.png,local_route
item:40162,item,40162,红色秋菊,ok,true,,6,fruit,,,Crop_162,22,0,29,ItemInfo,/game-config/seed_images_named/20162_%E7%A7%8B%E8%8F%8A%EF%BC%88%E7%BA%A2%E8%89%B2%EF%BC%89_Crop_162_Seed.png,images/item_40162_1fea9429a2.png,local_route
item:40165,item,40165,茱萸,ok,true,,6,fruit,,,Crop_165,103,0,101,ItemInfo,/game-config/seed_images_named/Crop_165_Seed.png,images/item_40165_dfab58f912.png,local_route
item:40172,item,40172,宋梅,ok,true,,6,fruit,,,Crop_172,837,0,164,ItemInfo,/game-config/seed_images_named/Crop_172_Seed.png,images/item_40172_983db2eb3f.png,local_route
item:40174,item,40174,晚香玉,ok,true,,6,fruit,,,Crop_174,117,0,134,ItemInfo,/game-config/seed_images_named/Crop_174_Seed.png,images/item_40174_c0bee887dc.png,local_route
item:40182,item,40182,艳蝶兰,ok,true,,6,fruit,,,Crop_182,131,0,150,ItemInfo,/game-config/seed_images_named/Crop_182_Seed.png,images/item_40182_f39a6103e8.png,local_route
item:40184,item,40184,卡特兰,ok,true,,6,fruit,,,Crop_184,240,0,21,ItemInfo,/game-config/seed_images_named/Crop_184_Seed.png,images/item_40184_9e206647df.png,local_route
item:40185,item,40185,似何莲,ok,true,,6,fruit,,,Crop_185,72,0,81,ItemInfo,/game-config/seed_images_named/Crop_185_Seed.png,images/item_40185_58052a949b.png,local_route
item:40186,item,40186,米兰,ok,true,,6,fruit,,,Crop_186,206,0,101,ItemInfo,/game-config/seed_images_named/Crop_186_Seed.png,images/item_40186_6410045104.png,local_route
item:40187,item,40187,君子兰,ok,true,,6,fruit,,,Crop_187,139,0,158,ItemInfo,/game-config/seed_images_named/Crop_187_Seed.png,images/item_40187_4614675982.png,local_route
item:40188,item,40188,文殊兰,ok,true,,6,fruit,,,Crop_188,124,0,142,ItemInfo,/game-config/seed_images_named/Crop_188_Seed.png,images/item_40188_8468f975e4.png,local_route
item:40193,item,40193,红云飞片,ok,true,,6,fruit,,,Crop_193,240,0,21,ItemInfo,/game-config/seed_images_named/Crop_193_Seed.png,images/item_40193_8a68634861.png,local_route
item:40199,item,40199,石莲花,ok,true,,6,fruit,,,Crop_199,624,0,101,ItemInfo,/game-config/seed_images_named/Crop_199_Seed.png,images/item_40199_64c6593802.png,local_route
item:40201,item,40201,天山雪莲,ok,true,,6,fruit,,,Crop_201,618,0,124,ItemInfo,/game-config/seed_images_named/20201_%E5%A4%A9%E5%B1%B1%E9%9B%AA%E8%8E%B2_Crop_201_Seed.png,images/item_40201_660af8705d.png,local_route
item:40202,item,40202,金边灵芝,ok,true,,6,fruit,,,Crop_202,219,0,128,ItemInfo,/game-config/seed_images_named/20202_%E9%87%91%E8%BE%B9%E7%81%B5%E8%8A%9D_Crop_202_Seed.png,images/item_40202_55b0936824.png,local_route
item:40204,item,40204,人参,ok,true,,6,fruit,,,Crop_204,234,0,136,ItemInfo,/game-config/seed_images_named/20204_%E4%BA%BA%E5%8F%82_Crop_204_Seed.png,images/item_40204_6332b0f760.png,local_route
item:40218,item,40218,瓶子树,ok,true,,6,fruit,,,Crop_218,72,0,89,ItemInfo,/game-config/seed_images_named/20218_%E7%93%B6%E5%AD%90%E6%A0%91_Crop_218_Seed.png,images/item_40218_101f6c45cd.png,local_route
item:40219,item,40219,路易十四,ok,true,,6,fruit,,,Crop_219,1148,0,51,ItemInfo,/game-config/seed_images_named/Crop_219_Seed.png,images/item_40219_239fafdded.png,local_route
item:40220,item,40220,猪笼草,ok,true,,6,fruit,,,Crop_220,217,0,91,ItemInfo,/game-config/seed_images_named/20220_%E7%8C%AA%E7%AC%BC%E8%8D%89_Crop_220_Seed.png,images/item_40220_216687d4d9.png,local_route
item:40221,item,40221,天堂鸟,ok,true,,6,fruit,,,Crop_221,468,0,96,ItemInfo,/game-config/seed_images_named/20221_%E5%A4%A9%E5%A0%82%E9%B8%9F_Crop_221_Seed.png,images/item_40221_6edfedcd11.png,local_route
item:40222,item,40222,豹皮花,ok,true,,6,fruit,,,Crop_222,168,0,98,ItemInfo,/game-config/seed_images_named/20222_%E8%B1%B9%E7%9A%AE%E8%8A%B1_Crop_222_Seed.png,images/item_40222_e969bcf5cd.png,local_route
item:40223,item,40223,夏蜡梅,ok,true,,6,fruit,,,Crop_223,168,0,21,ItemInfo,/game-config/seed_images_named/Crop_223_Seed.png,images/item_40223_15f5990830.png,local_route
item:40224,item,40224,昙花,ok,true,,6,fruit,,,Crop_224,280,0,201,ItemInfo,/game-config/seed_images_named/Crop_224_Seed.png,images/item_40224_4659707d1a.png,local_route
item:40225,item,40225,宝华玉兰,ok,true,,6,fruit,,,Crop_225,263,0,152,ItemInfo,/game-config/seed_images_named/20225_%E5%AE%9D%E5%8D%8E%E7%8E%89%E5%85%B0_Crop_225_Seed.png,images/item_40225_aff9131dbd.png,local_route
item:40226,item,40226,依米花,ok,true,,6,fruit,,,Crop_226,540,0,108,ItemInfo,/game-config/seed_images_named/20226_%E4%BE%9D%E7%B1%B3%E8%8A%B1_Crop_226_Seed.png,images/item_40226_43d8966b7e.png,local_route
item:40227,item,40227,大王花,ok,true,,6,fruit,,,Crop_227,192,0,112,ItemInfo,/game-config/seed_images_named/20227_%E5%A4%A7%E7%8E%8B%E8%8A%B1_Crop_227_Seed.png,images/item_40227_71ffc6b8aa.png,local_route
item:40228,item,40228,人参果,ok,true,,6,fruit,,,Crop_228,578,0,116,ItemInfo,/game-config/seed_images_named/20228_%E4%BA%BA%E5%8F%82%E6%9E%9C_Crop_228_Seed.png,images/item_40228_497ffff4bf.png,local_route
item:40229,item,40229,何首乌,ok,true,,6,fruit,,,Crop_229,658,0,132,ItemInfo,/game-config/seed_images_named/20229_%E4%BD%95%E9%A6%96%E4%B9%8C_Crop_229_Seed.png,images/item_40229_fd8d7c40e1.png,local_route
item:40235,item,40235,金花茶,ok,true,,6,fruit,,,Crop_235,206,0,120,ItemInfo,/game-config/seed_images_named/20235_%E9%87%91%E8%8A%B1%E8%8C%B6_Crop_235_Seed.png,images/item_40235_9544632197.png,local_route
item:40242,item,40242,似血杜鹃,ok,true,,6,fruit,,,Crop_242,702,0,140,ItemInfo,/game-config/seed_images_named/20242_%E4%BC%BC%E8%A1%80%E6%9D%9C%E9%B9%83_Crop_242_Seed.png,images/item_40242_fbc5ebb47d.png,local_route
item:40249,item,40249,荷包牡丹,ok,true,,6,fruit,,,Crop_249,280,0,201,ItemInfo,/game-config/seed_images_named/Crop_249_Seed.png,images/item_40249_fe5742dd23.png,local_route
item:40256,item,40256,石竹花,ok,true,,6,fruit,,,Crop_256,240,0,21,ItemInfo,/game-config/seed_images_named/Crop_256_Seed.png,images/item_40256_ae42f4bea4.png,local_route
item:40257,item,40257,孔雀草,ok,true,,6,fruit,,,Crop_257,280,0,41,ItemInfo,/game-config/seed_images_named/Crop_257_Seed.png,images/item_40257_96d7258134.png,local_route
item:40258,item,40258,欧石楠,ok,true,,6,fruit,,,Crop_258,280,0,41,ItemInfo,/game-config/seed_images_named/Crop_258_Seed.png,images/item_40258_c74debd8e6.png,local_route
item:40259,item,40259,银莲花,ok,true,,6,fruit,,,Crop_259,16,0,17,ItemInfo,/game-config/seed_images_named/20259_%E9%93%B6%E8%8E%B2%E8%8A%B1_Crop_259_Seed.png,images/item_40259_e8c8619ba5.png,local_route
item:40261,item,40261,针垫花,ok,true,,6,fruit,,,Crop_261,240,0,21,ItemInfo,/game-config/seed_images_named/Crop_261_Seed.png,images/item_40261_1ef03a8af8.png,local_route
item:40262,item,40262,帝王花,ok,true,,6,fruit,,,Crop_262,624,0,101,ItemInfo,/game-config/seed_images_named/Crop_262_Seed.png,images/item_40262_33b1a6942b.png,local_route
item:40263,item,40263,天竺葵,ok,true,,6,fruit,,,Crop_263,44,0,21,ItemInfo,/game-config/seed_images_named/Crop_263_Seed.png,images/item_40263_4f6e31eabe.png,local_route
item:40264,item,40264,红色郁金香,ok,true,,6,fruit,,,Crop_264,217,0,81,ItemInfo,/game-config/seed_images_named/Crop_264_Seed.png,images/item_40264_b804a223a0.png,local_route
item:40265,item,40265,朱雀花,ok,true,,6,fruit,,,Crop_265,342,0,61,ItemInfo,/game-config/seed_images_named/Crop_265_Seed.png,images/item_40265_ca6e102ba5.png,local_route
item:40266,item,40266,羊乳花,ok,true,,6,fruit,,,Crop_266,504,0,81,ItemInfo,/game-config/seed_images_named/Crop_266_Seed.png,images/item_40266_83c69c50df.png,local_route
item:40269,item,40269,桔梗花,ok,true,,6,fruit,,,Crop_269,78,0,41,ItemInfo,/game-config/seed_images_named/Crop_269_Seed.png,images/item_40269_fa9831e84b.png,local_route
item:40304,item,40304,黄金果,ok,true,,6,fruit,,,Crop_304,280,0,41,ItemInfo,/game-config/seed_images_named/Crop_304_Seed.png,images/item_40304_daa1733fa4.png,local_route
item:40305,item,40305,韭菜,ok,true,,6,fruit,,,Crop_305,96,0,20,ItemInfo,/game-config/seed_images_named/20305_%E9%9F%AD%E8%8F%9C_Crop_305_Seed.png,images/item_40305_6cca191d4a.png,local_route
item:40306,item,40306,芹菜,ok,true,,6,fruit,,,Crop_306,133,0,32,ItemInfo,/game-config/seed_images_named/20306_%E8%8A%B9%E8%8F%9C_Crop_306_Seed.png,images/item_40306_11abd9fba0.png,local_route
item:40308,item,40308,核桃,ok,true,,6,fruit,,,Crop_308,74,0,35,ItemInfo,/game-config/seed_images_named/20308_%E6%A0%B8%E6%A1%83_Crop_308_Seed.png,images/item_40308_80c6aec510.png,local_route
item:40396,item,40396,迎春花,ok,true,,6,fruit,,,Crop_396,48,0,57,ItemInfo,/game-config/seed_images_named/20396_%E8%BF%8E%E6%98%A5%E8%8A%B1_Crop_396_Seed.png,images/item_40396_3c5c398f8c.png,local_route
item:40413,item,40413,李子,ok,true,,6,fruit,,,Crop_413,156,0,75,ItemInfo,/game-config/seed_images_named/20413_%E6%9D%8E%E5%AD%90_Crop_413_Seed.png,images/item_40413_542a3aead5.png,local_route
item:40416,item,40416,萌新·哈哈南瓜,ok,true,,6,fruit,,,Crop_416,702,0,31,ItemInfo,/game-config/seed_images_named/Crop_416_Seed.png,images/item_40416_5fbd534ce6.png,local_route
item:40442,item,40442,睡莲,ok,true,,6,fruit,,,Crop_442,143,0,71,ItemInfo,/game-config/seed_images_named/20442_%E7%9D%A1%E8%8E%B2_Crop_442_Seed.png,images/item_40442_9acd0d7006.png,local_route
item:41135,item,41135,艾草,ok,true,,6,fruit,,,Crop_1135,240,0,200,ItemInfo,/miniapp-assets-cache/fbecaa419fc21cdecf70d15a0789a2c537edc5ec.png,images/item_41135_8bfff2c084.png,local_route
item:41542,item,41542,新春红包,ok,true,,6,fruit,,,Crop_1542,100,0,30,ItemInfo,/game-config/seed_images_named/21542_%E6%96%B0%E6%98%A5%E7%BA%A2%E5%8C%85_Crop_1542_Seed.png,images/item_41542_a378ec6288.png,local_route
item:49001,item,49001,哈哈小南瓜,ok,true,,17,mutation_item,,,Crop_9001,200,0,41,ItemInfo,/miniapp-assets-cache/9ea9bdfdb2072e96e1db1eedb16bd6c7db00b39d.png,images/item_49001_96e0458ff3.png,local_route
item:49002,item,49002,哈哈南瓜,ok,true,,6,fruit,,,Crop_416,320,0,31,ItemInfo,/game-config/seed_images_named/Crop_416_Seed.png,images/item_49002_5fbd534ce6.png,local_route
item:80001,item,80001,化肥(1小时),ok,true,,7,fertilizer,,,,0,0,0,ItemInfo,/miniapp-assets-cache/eb45dd301357ffd134ecc4d551f51e31cd6836c8.png,images/item_80001_dab8847f48.png,local_route
item:80002,item,80002,化肥(4小时),ok,true,,7,fertilizer,,,,0,0,0,ItemInfo,/miniapp-assets-cache/ed0142067f7dae6dfb0cbaee324169083c19c3a5.png,images/item_80002_d0cea75411.png,local_route
item:80003,item,80003,化肥(8小时),ok,true,,7,fertilizer,,,,0,0,0,ItemInfo,/miniapp-assets-cache/c25bacca69661502b6f4b51643464ce1bae89500.png,images/item_80003_c74f931e42.png,local_route
item:80004,item,80004,化肥(12小时),ok,true,,7,fertilizer,,,,0,0,0,ItemInfo,/miniapp-assets-cache/826e27b2d7dd1d43cd7efe3d28475d56c5b0ac8f.png,images/item_80004_2f0948c876.png,local_route
item:80011,item,80011,有机化肥(1小时),ok,true,,7,fertilizer,,,,0,0,0,ItemInfo,/miniapp-assets-cache/e0e61bb6a65bdab2e9f9eb1b258d659f80f031b1.png,images/item_80011_6d95049e5a.png,local_route
item:80012,item,80012,有机化肥(4小时),ok,true,,7,fertilizer,,,,0,0,0,ItemInfo,/miniapp-assets-cache/27dbada4485ccac16b2d6c39f8d3ace8b4d47236.png,images/item_80012_bbef5c1fd6.png,local_route
item:80013,item,80013,有机化肥(8小时),ok,true,,7,fertilizer,,,,0,0,0,ItemInfo,/miniapp-assets-cache/0ad703308b493f3cfda03a1d40bd01c9ed6f4fdc.png,images/item_80013_73250c1a77.png,local_route
item:80014,item,80014,有机化肥(12小时),ok,true,,7,fertilizer,,,,0,0,0,ItemInfo,/miniapp-assets-cache/61327ffabeea39420ffb94fe5d2260ee24c9c804.png,images/item_80014_4942ea5568.png,local_route
item:90001,item,90001,田园犬,ok,true,,8,unknown,,,,0,0,0,ItemInfo,/miniapp-assets-cache/0326c33e801d076492ed40782b0e02e5a7ef43af.png,images/item_90001_b28039da9e.png,local_route
item:90002,item,90002,牧羊犬,ok,true,,8,unknown,,,,0,0,0,ItemInfo,/miniapp-assets-cache/fbc8479fff9488507fa479507022298802cd7896.png,images/item_90002_5d3e1dbbb7.png,local_route
item:90003,item,90003,斑点狗,ok,true,,8,unknown,,,,0,0,0,ItemInfo,/miniapp-assets-cache/093c6e1edc782d0b65dafcad3a0f305856d6388a.png,images/item_90003_ca32994522.png,local_route
item:90004,item,90004,1天狗粮,ok,true,,9,pet_food,,,,0,0,0,ItemInfo,/miniapp-assets-cache/c50ed0d2f8deeedbfd2bef0d50abb37153549d83.png,images/item_90004_f4206d6c61.png,local_route
item:90005,item,90005,3天狗粮,ok,true,,9,pet_food,,,,0,0,0,ItemInfo,/miniapp-assets-cache/26c502f388a6d149e3e78d701dbfa547a1e9a92b.png,images/item_90005_b7b603fd2e.png,local_route
item:90006,item,90006,5天狗粮,ok,true,,9,pet_food,,,,0,0,0,ItemInfo,/miniapp-assets-cache/d10f35faa5379b38a536baa9ffab71b9fee7dfb2.png,images/item_90006_a2a9168b9c.png,local_route
item:90011,item,90011,柯基,ok,true,,8,unknown,,,,0,0,0,ItemInfo,/miniapp-assets-cache/21aed840d2119cb641664273245501ae180d2221.png,images/item_90011_c632518ead.png,local_route
item:90021,item,90021,护主犬,ok,true,,8,unknown,,,,0,0,0,ItemInfo,/miniapp-assets-cache/ffbf4b72a6675f002ad9a95388e1831daac0c323.png,images/item_90021_1647648d0d.png,local_route
item:100001,item,100001,每日惊喜宝箱,ok,true,,11,tool,,,,0,0,0,ItemInfo,/miniapp-assets-cache/12d5f0b61a6b3d9e264332ad64598183310d02cb.png,images/item_100001_5343ef4326.png,local_route
item:100002,item,100002,成长宝箱,ok,true,,11,tool,,,,0,0,0,ItemInfo,/miniapp-assets-cache/9a1b0e0edc378d7d1133c39fce74f212319a7674.png,images/item_100002_7ce7f7e23a.png,local_route
item:100003,item,100003,化肥礼包,ok,true,,11,tool,,,,0,0,0,ItemInfo,/miniapp-assets-cache/f7cc95c1d21ae2914a2cfb1c3e0f3bd0fda2bfac.png,images/item_100003_a94c1574a8.png,local_route
item:100004,item,100004,有机化肥礼包,ok,true,,11,tool,,,,0,0,0,ItemInfo,/miniapp-assets-cache/2f866447f27d9d53fdf144fa7ddecaa611b7f7ea.png,images/item_100004_9554fb2d90.png,local_route
item:100005,item,100005,晨露种子包,ok,true,,11,tool,,,,0,0,0,ItemInfo,/miniapp-assets-cache/c507bf1cb854cc02ff1ccc8b8dec90f6b8668473.png,images/item_100005_27af0e72b5.png,local_route
item:100006,item,100006,桑榆种子包,ok,true,,11,tool,,,,0,0,0,ItemInfo,/miniapp-assets-cache/2d7f358cecc45bafa0e2b5b782a3f08bda22863a.png,images/item_100006_8514cc4733.png,local_route
item:100007,item,100007,桃源种子包,ok,true,,11,tool,,,,0,0,0,ItemInfo,/miniapp-assets-cache/5a9e932a3f2e272a06c4cb3594635a6fa0792642.png,images/item_100007_84573c1bac.png,local_route
item:100008,item,100008,天工种子包(测试),ok,true,,11,tool,,,,0,0,0,ItemInfo,/miniapp-assets-cache/2800cd070eab2992a11196fb566ebc6e6edac3ee.png,images/item_100008_ca3ab0dd19.png,local_route
item:100009,item,100009,图鉴限定礼包,ok,true,,11,tool,,,,0,0,0,ItemInfo,/miniapp-assets-cache/41c43a2539a68b842fd33b59f3c290f37c3f1b2d.png,images/item_100009_65e72a5e57.png,local_route
item:100010,item,100010,友谊种子包,ok,true,,11,tool,,,,0,0,0,ItemInfo,/miniapp-assets-cache/0aecf79e1a1b68cca603cd400be6a63fa9fa764a.png,images/item_100010_29fd9e9e57.png,local_route
item:100011,item,100011,天工限定包,ok,true,,11,tool,,,,0,0,0,ItemInfo,/miniapp-assets-cache/65bc13013a1a9775e5cf3b61b167df2c429c4b42.png,images/item_100011_7a93c41600.png,local_route
item:100012,item,100012,爱心宝箱,ok,true,,11,tool,,,,0,0,0,ItemInfo,/miniapp-assets-cache/65bc13013a1a9775e5cf3b61b167df2c429c4b42.png,images/item_100012_7a93c41600.png,local_route
item:100013,item,100013,新春种子包,ok,true,,11,tool,,,,0,0,15,ItemInfo,/miniapp-assets-cache/b7daa770d24b12ef145eeaa5df3435f4ce537674.png,images/item_100013_b131e6ed34.png,local_route
item:100014,item,100014,柯基稀有种子包,ok,true,,11,tool,,,,0,0,0,ItemInfo,/miniapp-assets-cache/2d7f358cecc45bafa0e2b5b782a3f08bda22863a.png,images/item_100014_8514cc4733.png,local_route
item:100111,item,100111,稀有自选礼包,ok,true,,16,gift_box,,,,0,0,1,ItemInfo,/miniapp-assets-cache/9a1b0e0edc378d7d1133c39fce74f212319a7674.png,images/item_100111_7ce7f7e23a.png,local_route
item:100112,item,100112,珍品自选礼包,ok,true,,16,gift_box,,,,0,0,1,ItemInfo,/miniapp-assets-cache/f7cc95c1d21ae2914a2cfb1c3e0f3bd0fda2bfac.png,images/item_100112_a94c1574a8.png,local_route
item:100121,item,100121,稀有自选礼包,ok,true,,16,gift_box,,,,0,0,2,ItemInfo,/miniapp-assets-cache/9a1b0e0edc378d7d1133c39fce74f212319a7674.png,images/item_100121_7ce7f7e23a.png,local_route
item:100122,item,100122,珍品自选礼包,ok,true,,16,gift_box,,,,0,0,2,ItemInfo,/miniapp-assets-cache/f7cc95c1d21ae2914a2cfb1c3e0f3bd0fda2bfac.png,images/item_100122_a94c1574a8.png,local_route
item:100131,item,100131,稀有自选礼包,ok,true,,16,gift_box,,,,0,0,3,ItemInfo,/miniapp-assets-cache/9a1b0e0edc378d7d1133c39fce74f212319a7674.png,images/item_100131_7ce7f7e23a.png,local_route
item:100132,item,100132,珍品自选礼包,ok,true,,16,gift_box,,,,0,0,3,ItemInfo,/miniapp-assets-cache/f7cc95c1d21ae2914a2cfb1c3e0f3bd0fda2bfac.png,images/item_100132_a94c1574a8.png,local_route
item:100141,item,100141,稀有自选礼包,ok,true,,16,gift_box,,,,0,0,4,ItemInfo,/miniapp-assets-cache/9a1b0e0edc378d7d1133c39fce74f212319a7674.png,images/item_100141_7ce7f7e23a.png,local_route
item:100142,item,100142,珍品自选礼包,ok,true,,16,gift_box,,,,0,0,4,ItemInfo,/miniapp-assets-cache/f7cc95c1d21ae2914a2cfb1c3e0f3bd0fda2bfac.png,images/item_100142_a94c1574a8.png,local_route
item:100151,item,100151,稀有自选礼包,ok,true,,16,gift_box,,,,0,0,5,ItemInfo,/miniapp-assets-cache/9a1b0e0edc378d7d1133c39fce74f212319a7674.png,images/item_100151_7ce7f7e23a.png,local_route
item:100152,item,100152,珍品自选礼包,ok,true,,16,gift_box,,,,0,0,5,ItemInfo,/miniapp-assets-cache/f7cc95c1d21ae2914a2cfb1c3e0f3bd0fda2bfac.png,images/item_100152_a94c1574a8.png,local_route
item:101201,item,101201,农场萌新礼包,ok,true,,11,tool,,,,0,0,0,ItemInfo,/miniapp-assets-cache/b8c6fef45c99e9fbd2bda989344ecb77ff8c95ba.png,images/item_101201_f8d4b9d19a.png,local_route
item:101202,item,101202,种植精英礼包,ok,true,,11,tool,,,,0,0,0,ItemInfo,/miniapp-assets-cache/657a9f217428de719ef41b75a420e47b8592e64b.png,images/item_101202_fc687d2460.png,local_route
item:101203,item,101203,种植精英礼包（30级）,ok,true,,11,tool,,,,0,0,30,ItemInfo,/miniapp-assets-cache/657a9f217428de719ef41b75a420e47b8592e64b.png,images/item_101203_fc687d2460.png,local_route
item:101204,item,101204,田园大师礼包,ok,true,,11,tool,,,,0,0,0,ItemInfo,/miniapp-assets-cache/865dd73be65ee65a9a370fc9ef88243000119def.png,images/item_101204_19090907d0.png,local_route
item:101205,item,101205,田园大师礼包（30级）,ok,true,,11,tool,,,,0,0,30,ItemInfo,/miniapp-assets-cache/865dd73be65ee65a9a370fc9ef88243000119def.png,images/item_101205_19090907d0.png,local_route
item:101206,item,101206,田园大师礼包（45级）,ok,true,,11,tool,,,,0,0,45,ItemInfo,/miniapp-assets-cache/865dd73be65ee65a9a370fc9ef88243000119def.png,images/item_101206_19090907d0.png,local_route
item:101251,item,101251,豪华种植礼包,ok,true,,11,tool,,,,0,0,1,ItemInfo,/miniapp-assets-cache/c5c0b7d663ce7d967d683b5e1775920b572614ad.png,images/item_101251_9159051a69.png,local_route
item:101301,item,101301,SVIP特权礼包,ok,true,,11,tool,,,,0,0,1,ItemInfo,/miniapp-assets-cache/8627252d89d053929cde78009b5bed0e61c73546.png,images/item_101301_92b313f745.png,local_route
item:101351,item,101351,同气连枝礼包,ok,true,,11,tool,,,,0,0,1,ItemInfo,/miniapp-assets-cache/7380874899c1ff33b7083c5ff658e4f022fd0aa0.png,images/item_101351_a28d68b289.png,local_route
item:201001,item,201001,默认小屋,ok,true,,18,decoration,,,,0,0,1,ItemInfo,/miniapp-assets-cache/b68726932ad866df10cf54ed5ebc11b5eaf989b7.png,images/item_201001_19ff39a69b.png,local_route
item:201002,item,201002,哈哈南瓜小屋,ok,true,,18,decoration,,,,0,0,1,ItemInfo,/miniapp-assets-cache/40e3676ad8583bf394d4052e12d296583229cd82.png,images/item_201002_9265572583.png,local_route
item:201003,item,201003,嘻嘻南瓜小屋,ok,true,,18,decoration,,,,0,0,1,ItemInfo,/miniapp-assets-cache/842b4d4fbe93200af8695b2618da6b75f4da98ca.png,images/item_201003_510a188d20.png,local_route
item:202001,item,202001,默认木牌,ok,true,,18,decoration,,,,0,0,1,ItemInfo,/miniapp-assets-cache/4f9dd939009eed1c6dc50eb26b135c13a643593e.png,images/item_202001_3e08a3cc30.png,local_route
item:202002,item,202002,哈哈南瓜木牌,ok,true,,18,decoration,,,,0,0,1,ItemInfo,/miniapp-assets-cache/6e425661b833832f6b81a8ffd61535a075e1126b.png,images/item_202002_ae9c6264ad.png,local_route
item:203001,item,203001,默认栅栏,ok,true,,18,decoration,,,,0,0,1,ItemInfo,/miniapp-assets-cache/0551e96c3e1dd3173e8cbeb08aa98780c3f353db.png,images/item_203001_5f72eac261.png,local_route
item:203002,item,203002,哈哈南瓜栅栏,ok,true,,18,decoration,,,,0,0,1,ItemInfo,/miniapp-assets-cache/1863d192bd391cc7638dc24784e932c949860594.png,images/item_203002_3c4e438da9.png,local_route
item:203003,item,203003,嘻嘻南瓜栅栏,ok,true,,18,decoration,,,,0,0,1,ItemInfo,/miniapp-assets-cache/47d73b12e0a09b9d0534556f1cf9a447207a8ee8.png,images/item_203003_62dac4e1a8.png,local_route
item:204001,item,204001,默认盆栽,ok,false,missing_image,18,decoration,,,,0,0,1,ItemInfo,,,
item:204002,item,204002,哈哈南瓜塔,ok,true,,18,decoration,,,Crop_8001,11000,0,1,ItemInfo,/miniapp-assets-cache/fb13cf2715beaf3e51533ea73f70fe41143a8677.png,images/item_204002_07b3c080fd.png,local_route
item:204003,item,204003,黄金·哈哈南瓜塔,ok,true,,18,decoration,,,gold/Crop_8001,110,1005,1,ItemInfo,/miniapp-assets-cache/15b13f6dd44e28f9db2d02e6ce1fa5a7533767d7.png,images/item_204003_35bdd88f1b.png,local_route
item:205001,item,205001,默认狗屋,ok,true,,18,decoration,,,,0,0,1,ItemInfo,/miniapp-assets-cache/4d2e7b140110c3063a3e38a45517143c18c2b223.png,images/item_205001_0ccb28ca8f.png,local_route
item:205002,item,205002,哈哈南瓜狗屋,ok,true,,18,decoration,,,,0,0,1,ItemInfo,/miniapp-assets-cache/74586b1a12bc5a58cad77fae67ff925368fa6e48.png,images/item_205002_bfba98e754.png,local_route
item:206001,item,206001,默认仓库,ok,true,,18,decoration,,,,0,0,1,ItemInfo,/miniapp-assets-cache/dc69dc357c17a588b76fcb11ce4d2308e0e73ff0.png,images/item_206001_7b19f50c2a.png,local_route
item:206002,item,206002,哈哈南瓜仓库,ok,true,,18,decoration,,,,0,0,1,ItemInfo,/miniapp-assets-cache/300a9966f65e258331973a2826975db76f1faf54.png,images/item_206002_dd886192a4.png,local_route
item:207001,item,207001,默认道路,ok,true,,18,decoration,,,,0,0,1,ItemInfo,/miniapp-assets-cache/3680540b069281d6f41f14f5b36c56448b190b6c.png,images/item_207001_ae7dbaa3d8.png,local_route
item:207002,item,207002,哈哈南瓜道路,ok,true,,18,decoration,,,,0,0,1,ItemInfo,/miniapp-assets-cache/82ca308970e5c0fcc235afbd31ffff755b272852.png,images/item_207002_19fab41a68.png,local_route
item:207003,item,207003,嘻嘻南瓜道路,ok,true,,18,decoration,,,,0,0,1,ItemInfo,/miniapp-assets-cache/6c8f98f2af400c9f5dd513d6d4357204a1aae62b.png,images/item_207003_e2f5fa0df1.png,local_route
item:1040001,item,1040001,变异草莓,ok,true,,17,mutation_item,,,Crop_1,0,0,0,derived-mutation,/game-config/seed_images_named/20001_%E8%8D%89%E8%8E%93_Crop_1_Seed.png,images/item_1040001_62bada5173.png,local_route
item:1040002,item,1040002,变异白萝卜,ok,true,,17,mutation_item,,,Crop_2,0,0,0,derived-mutation,/game-config/seed_images_named/29999_%E7%99%BD%E8%90%9D%E5%8D%9C_Crop_2_Seed.png,images/item_1040002_de77ec1e62.png,local_route
item:1040003,item,1040003,变异胡萝卜,ok,true,,17,mutation_item,,,Crop_3,0,0,0,derived-mutation,/game-config/seed_images_named/20003_%E8%83%A1%E8%90%9D%E5%8D%9C_Crop_3_Seed.png,images/item_1040003_3bd7efa1a2.png,local_route
item:1040004,item,1040004,变异玉米,ok,true,,17,mutation_item,,,Crop_4,0,0,0,derived-mutation,/game-config/seed_images_named/20004_%E7%8E%89%E7%B1%B3_Crop_4_Seed.png,images/item_1040004_d2c23522d4.png,local_route
item:1040005,item,1040005,变异土豆,ok,true,,17,mutation_item,,,Crop_5,0,0,0,derived-mutation,/game-config/seed_images_named/20005_%E5%9C%9F%E8%B1%86_Crop_5_Seed.png,images/item_1040005_1a908e26cf.png,local_route
item:1040006,item,1040006,变异茄子,ok,true,,17,mutation_item,,,Crop_6,0,0,0,derived-mutation,/game-config/seed_images_named/20006_%E8%8C%84%E5%AD%90_Crop_6_Seed.png,images/item_1040006_4015d15bf2.png,local_route
item:1040007,item,1040007,变异番茄,ok,true,,17,mutation_item,,,Crop_7,0,0,0,derived-mutation,/game-config/seed_images_named/20007_%E7%95%AA%E8%8C%84_Crop_7_Seed.png,images/item_1040007_bb601ff4dd.png,local_route
item:1040008,item,1040008,变异豌豆,ok,true,,17,mutation_item,,,Crop_8,0,0,0,derived-mutation,/game-config/seed_images_named/20008_%E8%B1%8C%E8%B1%86_Crop_8_Seed.png,images/item_1040008_f7ade8bb60.png,local_route
item:1040009,item,1040009,变异辣椒,ok,true,,17,mutation_item,,,Crop_9,0,0,0,derived-mutation,/game-config/seed_images_named/20009_%E8%BE%A3%E6%A4%92_Crop_9_Seed.png,images/item_1040009_66dfe1d44b.png,local_route
item:1040010,item,1040010,变异南瓜,ok,true,,17,mutation_item,,,Crop_10,0,0,0,derived-mutation,/game-config/seed_images_named/20010_%E5%8D%97%E7%93%9C_Crop_10_Seed.png,images/item_1040010_0a52b3c97c.png,local_route
item:1040011,item,1040011,变异苹果,ok,true,,17,mutation_item,,,Crop_11,0,0,0,derived-mutation,/game-config/seed_images_named/20011_%E8%8B%B9%E6%9E%9C_Crop_11_Seed.png,images/item_1040011_4564c1b628.png,local_route
item:1040013,item,1040013,变异葡萄,ok,true,,17,mutation_item,,,Crop_13,0,0,0,derived-mutation,/game-config/seed_images_named/20013_%E8%91%A1%E8%90%84_Crop_13_Seed.png,images/item_1040013_48362af46f.png,local_route
item:1040014,item,1040014,变异西瓜,ok,true,,17,mutation_item,,,Crop_14,0,0,0,derived-mutation,/game-config/seed_images_named/20014_%E8%A5%BF%E7%93%9C_Crop_14_Seed.png,images/item_1040014_2fbbe0edb0.png,local_route
item:1040015,item,1040015,变异香蕉,ok,true,,17,mutation_item,,,Crop_15,0,0,0,derived-mutation,/game-config/seed_images_named/20015_%E9%A6%99%E8%95%89_Crop_15_Seed.png,images/item_1040015_40937a2946.png,local_route
item:1040016,item,1040016,变异菠萝蜜,ok,true,,17,mutation_item,,,Crop_16,0,0,0,derived-mutation,/game-config/seed_images_named/20016_%E8%8F%A0%E8%90%9D%E8%9C%9C_Crop_16_Seed.png,images/item_1040016_e61d93343e.png,local_route
item:1040018,item,1040018,变异桃子,ok,true,,17,mutation_item,,,Crop_18,0,0,0,derived-mutation,/game-config/seed_images_named/20018_%E6%A1%83%E5%AD%90_Crop_18_Seed.png,images/item_1040018_007c28e813.png,local_route
item:1040019,item,1040019,变异橙子,ok,true,,17,mutation_item,,,Crop_19,0,0,0,derived-mutation,/game-config/seed_images_named/20019_%E6%A9%99%E5%AD%90_Crop_19_Seed.png,images/item_1040019_51526ac5b1.png,local_route
item:1040022,item,1040022,变异鳄梨,ok,true,,17,mutation_item,,,Crop_22,0,0,0,derived-mutation,/game-config/seed_images_named/20022_%E9%B3%84%E6%A2%A8_Crop_22_Seed.png,images/item_1040022_b323b80a65.png,local_route
item:1040023,item,1040023,变异石榴,ok,true,,17,mutation_item,,,Crop_23,0,0,0,derived-mutation,/game-config/seed_images_named/20023_%E7%9F%B3%E6%A6%B4_Crop_23_Seed.png,images/item_1040023_4e19aa8794.png,local_route
item:1040025,item,1040025,黄金·银杏树苗,ok,true,,17,mutation_item,,,gold/Crop_25,1,1005,200,ItemInfo+derived-mutation,/miniapp-assets-cache/31cfe7082bd56bd79739d0de87a87a76b0fe28f7.png,images/item_1040025_f58ad794f5.png,local_route
item:1040026,item,1040026,变异柚子,ok,true,,17,mutation_item,,,Crop_26,0,0,0,derived-mutation,/game-config/seed_images_named/20026_%E6%9F%9A%E5%AD%90_Crop_26_Seed.png,images/item_1040026_32c3ea8f86.png,local_route
item:1040027,item,1040027,变异菠萝,ok,true,,17,mutation_item,,,Crop_27,0,0,0,derived-mutation,/game-config/seed_images_named/20027_%E8%8F%A0%E8%90%9D_Crop_27_Seed.png,images/item_1040027_385d836852.png,local_route
item:1040029,item,1040029,变异椰子,ok,true,,17,mutation_item,,,Crop_29,0,0,0,derived-mutation,/game-config/seed_images_named/20029_%E6%A4%B0%E5%AD%90_Crop_29_Seed.png,images/item_1040029_7b2f76f4ed.png,local_route
item:1040031,item,1040031,变异葫芦,ok,true,,17,mutation_item,,,Crop_31,0,0,0,derived-mutation,/game-config/seed_images_named/20031_%E8%91%AB%E8%8A%A6_Crop_31_Seed.png,images/item_1040031_d4d80097e5.png,local_route
item:1040033,item,1040033,变异火龙果,ok,true,,17,mutation_item,,,Crop_33,0,0,0,derived-mutation,/game-config/seed_images_named/20033_%E7%81%AB%E9%BE%99%E6%9E%9C_Crop_33_Seed.png,images/item_1040033_a7c5e2cc3e.png,local_route
item:1040034,item,1040034,变异樱桃,ok,true,,17,mutation_item,,,Crop_34,0,0,0,derived-mutation,/game-config/seed_images_named/20034_%E6%A8%B1%E6%A1%83_Crop_34_Seed.png,images/item_1040034_3b821fc886.png,local_route
item:1040035,item,1040035,变异荔枝,ok,true,,17,mutation_item,,,Crop_35,0,0,0,derived-mutation,/game-config/seed_images_named/20035_%E8%8D%94%E6%9E%9D_Crop_35_Seed.png,images/item_1040035_3df14d0d82.png,local_route
item:1040036,item,1040036,变异箬竹,ok,true,,17,mutation_item,,,Crop_36,0,0,0,derived-mutation,/game-config/seed_images_named/20036_%E7%AE%AC%E7%AB%B9_Crop_36_Seed.png,images/item_1040036_f60ea269b7.png,local_route
item:1040037,item,1040037,变异莲藕,ok,true,,17,mutation_item,,,Crop_37,0,0,0,derived-mutation,/game-config/seed_images_named/20037_%E8%8E%B2%E8%97%95_Crop_37_Seed.png,images/item_1040037_885c9dd87a.png,local_route
item:1040038,item,1040038,变异木瓜,ok,true,,17,mutation_item,,,Crop_38,0,0,0,derived-mutation,/game-config/seed_images_named/20038_%E6%9C%A8%E7%93%9C_Crop_38_Seed.png,images/item_1040038_cfc63597f8.png,local_route
item:1040039,item,1040039,变异杨桃,ok,true,,17,mutation_item,,,Crop_39,0,0,0,derived-mutation,/game-config/seed_images_named/20039_%E6%9D%A8%E6%A1%83_Crop_39_Seed.png,images/item_1040039_25fd32c892.png,local_route
item:1040041,item,1040041,变异红玫瑰,ok,true,,17,mutation_item,,,Crop_41,0,0,0,derived-mutation,/game-config/seed_images_named/20041_%E7%BA%A2%E7%8E%AB%E7%91%B0_Crop_41_Seed.png,images/item_1040041_0172c99ffd.png,local_route
item:1040042,item,1040042,变异柠檬,ok,true,,17,mutation_item,,,Crop_42,0,0,0,derived-mutation,/game-config/seed_images_named/20042_%E6%9F%A0%E6%AA%AC_Crop_42_Seed.png,images/item_1040042_2f4ebf0e68.png,local_route
item:1040043,item,1040043,变异无花果,ok,true,,17,mutation_item,,,Crop_43,0,0,0,derived-mutation,/game-config/seed_images_named/20043_%E6%97%A0%E8%8A%B1%E6%9E%9C_Crop_43_Seed.png,images/item_1040043_1a439103c3.png,local_route
item:1040044,item,1040044,变异丝瓜,ok,true,,17,mutation_item,,,Crop_44,0,0,0,derived-mutation,/game-config/seed_images_named/20044_%E4%B8%9D%E7%93%9C_Crop_44_Seed.png,images/item_1040044_9643028541.png,local_route
item:1040045,item,1040045,变异猕猴桃,ok,true,,17,mutation_item,,,Crop_45,0,0,0,derived-mutation,/game-config/seed_images_named/20045_%E7%8C%95%E7%8C%B4%E6%A1%83_Crop_45_Seed.png,images/item_1040045_0533b867f5.png,local_route
item:1040046,item,1040046,黄金·爱心果,ok,true,,17,mutation_item,,,gold/Crop_46,16,1005,202,ItemInfo+derived-mutation,/miniapp-assets-cache/1471ec316a3a9d460dc8a5a086283472f16e36a6.png,images/item_1040046_af40bab77f.png,local_route
item:1040047,item,1040047,变异甘蔗,ok,true,,17,mutation_item,,,Crop_47,0,0,0,derived-mutation,/game-config/seed_images_named/20047_%E7%94%98%E8%94%97_Crop_47_Seed.png,images/item_1040047_09f36bf51e.png,local_route
item:1040048,item,1040048,变异杨梅,ok,true,,17,mutation_item,,,Crop_48,0,0,0,derived-mutation,/game-config/seed_images_named/20048_%E6%9D%A8%E6%A2%85_Crop_48_Seed.png,images/item_1040048_cdb275d99c.png,local_route
item:1040049,item,1040049,变异花生,ok,true,,17,mutation_item,,,Crop_49,0,0,0,derived-mutation,/game-config/seed_images_named/20049_%E8%8A%B1%E7%94%9F_Crop_49_Seed.png,images/item_1040049_d55d448757.png,local_route
item:1040050,item,1040050,变异蘑菇,ok,true,,17,mutation_item,,,Crop_50,0,0,0,derived-mutation,/game-config/seed_images_named/20050_%E8%98%91%E8%8F%87_Crop_50_Seed.png,images/item_1040050_375179c037.png,local_route
item:1040051,item,1040051,变异红枣,ok,true,,17,mutation_item,,,Crop_51,0,0,0,derived-mutation,/game-config/seed_images_named/20051_%E7%BA%A2%E6%9E%A3_Crop_51_Seed.png,images/item_1040051_b4d538afdb.png,local_route
item:1040052,item,1040052,变异金针菇,ok,true,,17,mutation_item,,,Crop_52,0,0,0,derived-mutation,/game-config/seed_images_named/20052_%E9%87%91%E9%92%88%E8%8F%87_Crop_52_Seed.png,images/item_1040052_7204d0ba15.png,local_route
item:1040053,item,1040053,变异桂圆,ok,true,,17,mutation_item,,,Crop_53,0,0,0,derived-mutation,/game-config/seed_images_named/20053_%E6%A1%82%E5%9C%86_Crop_53_Seed.png,images/item_1040053_dc2a51be99.png,local_route
item:1040054,item,1040054,变异梨,ok,true,,17,mutation_item,,,Crop_54,0,0,0,derived-mutation,/game-config/seed_images_named/20054_%E6%A2%A8_Crop_54_Seed.png,images/item_1040054_cb24215752.png,local_route
item:1040055,item,1040055,变异枇杷,ok,true,,17,mutation_item,,,Crop_55,0,0,0,derived-mutation,/game-config/seed_images_named/20055_%E6%9E%87%E6%9D%B7_Crop_55_Seed.png,images/item_1040055_c3415dfa4e.png,local_route
item:1040056,item,1040056,变异哈密瓜,ok,true,,17,mutation_item,,,Crop_56,0,0,0,derived-mutation,/game-config/seed_images_named/20056_%E5%93%88%E5%AF%86%E7%93%9C_Crop_56_Seed.png,images/item_1040056_4aa97eb42c.png,local_route
item:1040057,item,1040057,变异芒果,ok,true,,17,mutation_item,,,Crop_57,0,0,0,derived-mutation,/game-config/seed_images_named/20057_%E8%8A%92%E6%9E%9C_Crop_57_Seed.png,images/item_1040057_6ef7b5dcd8.png,local_route
item:1040058,item,1040058,变异榴莲,ok,true,,17,mutation_item,,,Crop_58,0,0,0,derived-mutation,/game-config/seed_images_named/20058_%E6%A6%B4%E8%8E%B2_Crop_58_Seed.png,images/item_1040058_e0ea4bc6b1.png,local_route
item:1040059,item,1040059,变异大白菜,ok,true,,17,mutation_item,,,Crop_59,0,0,0,derived-mutation,/game-config/seed_images_named/20059_%E5%A4%A7%E7%99%BD%E8%8F%9C_Crop_59_Seed.png,images/item_1040059_83aaa753f0.png,local_route
item:1040060,item,1040060,变异水稻,ok,true,,17,mutation_item,,,Crop_60,0,0,0,derived-mutation,/game-config/seed_images_named/20060_%E6%B0%B4%E7%A8%BB_Crop_60_Seed.png,images/item_1040060_21022d1b9d.png,local_route
item:1040061,item,1040061,变异小麦,ok,true,,17,mutation_item,,,Crop_61,0,0,0,derived-mutation,/game-config/seed_images_named/20061_%E5%B0%8F%E9%BA%A6_Crop_61_Seed.png,images/item_1040061_e46795ffa2.png,local_route
item:1040062,item,1040062,变异四叶草,ok,true,,17,mutation_item,,,Crop_62,0,0,0,derived-mutation,/game-config/seed_images_named/20062_%E5%9B%9B%E5%8F%B6%E8%8D%89_Crop_62_Seed.png,images/item_1040062_0941b20526.png,local_route
item:1040063,item,1040063,变异苦瓜,ok,true,,17,mutation_item,,,Crop_63,0,0,0,derived-mutation,/game-config/seed_images_named/20063_%E8%8B%A6%E7%93%9C_Crop_63_Seed.png,images/item_1040063_1889acb3de.png,local_route
item:1040064,item,1040064,变异大葱,ok,true,,17,mutation_item,,,Crop_64,0,0,0,derived-mutation,/game-config/seed_images_named/20064_%E5%A4%A7%E8%91%B1_Crop_64_Seed.png,images/item_1040064_ccf9bd1361.png,local_route
item:1040065,item,1040065,变异大蒜,ok,true,,17,mutation_item,,,Crop_65,0,0,0,derived-mutation,/game-config/seed_images_named/20065_%E5%A4%A7%E8%92%9C_Crop_65_Seed.png,images/item_1040065_052e82eac1.png,local_route
item:1040066,item,1040066,变异鲜姜,ok,true,,17,mutation_item,,,Crop_66,0,0,0,derived-mutation,/game-config/seed_images_named/20066_%E9%B2%9C%E5%A7%9C_Crop_66_Seed.png,images/item_1040066_6738fee47b.png,local_route
item:1040067,item,1040067,变异香瓜,ok,true,,17,mutation_item,,,Crop_67,0,0,0,derived-mutation,/game-config/seed_images_named/20067_%E9%A6%99%E7%93%9C_Crop_67_Seed.png,images/item_1040067_832711694b.png,local_route
item:1040068,item,1040068,变异冬瓜,ok,true,,17,mutation_item,,,Crop_68,0,0,0,derived-mutation,/game-config/seed_images_named/20068_%E5%86%AC%E7%93%9C_Crop_68_Seed.png,images/item_1040068_764e17d40b.png,local_route
item:1040069,item,1040069,变异莴笋,ok,true,,17,mutation_item,,,Crop_69,0,0,0,derived-mutation,/game-config/seed_images_named/Crop_69_Seed.png,images/item_1040069_cf6336913e.png,local_route
item:1040070,item,1040070,变异黄豆,ok,true,,17,mutation_item,,,Crop_70,0,0,0,derived-mutation,/game-config/seed_images_named/20070_%E9%BB%84%E8%B1%86_Crop_70_Seed.png,images/item_1040070_9be0d86f04.png,local_route
item:1040071,item,1040071,变异小白菜,ok,true,,17,mutation_item,,,Crop_71,0,0,0,derived-mutation,/game-config/seed_images_named/20071_%E5%B0%8F%E7%99%BD%E8%8F%9C_Crop_71_Seed.png,images/item_1040071_6a95fe7245.png,local_route
item:1040072,item,1040072,变异榛子,ok,true,,17,mutation_item,,,Crop_72,0,0,0,derived-mutation,/game-config/seed_images_named/20072_%E6%A6%9B%E5%AD%90_Crop_72_Seed.png,images/item_1040072_aa89a6f508.png,local_route
item:1040073,item,1040073,变异菠菜,ok,true,,17,mutation_item,,,Crop_73,0,0,0,derived-mutation,/game-config/seed_images_named/20073_%E8%8F%A0%E8%8F%9C_Crop_73_Seed.png,images/item_1040073_9030e6c2d5.png,local_route
item:1040074,item,1040074,变异金桔,ok,true,,17,mutation_item,,,Crop_74,0,0,0,derived-mutation,/game-config/seed_images_named/20074_%E9%87%91%E6%A1%94_Crop_74_Seed.png,images/item_1040074_5b9b25a0de.png,local_route
item:1040075,item,1040075,变异桑葚,ok,true,,17,mutation_item,,,Crop_75,0,0,0,derived-mutation,/game-config/seed_images_named/20075_%E6%A1%91%E8%91%9A_Crop_75_Seed.png,images/item_1040075_f79b06b8f0.png,local_route
item:1040076,item,1040076,变异山竹,ok,true,,17,mutation_item,,,Crop_76,0,0,0,derived-mutation,/game-config/seed_images_named/20076_%E5%B1%B1%E7%AB%B9_Crop_76_Seed.png,images/item_1040076_ef4eff90a6.png,local_route
item:1040077,item,1040077,变异蓝莓,ok,true,,17,mutation_item,,,Crop_77,0,0,0,derived-mutation,/game-config/seed_images_named/20077_%E8%93%9D%E8%8E%93_Crop_77_Seed.png,images/item_1040077_c433d04753.png,local_route
item:1040078,item,1040078,变异杏子,ok,true,,17,mutation_item,,,Crop_78,0,0,0,derived-mutation,/game-config/seed_images_named/20078_%E6%9D%8F%E5%AD%90_Crop_78_Seed.png,images/item_1040078_f9c5bc0774.png,local_route
item:1040079,item,1040079,变异番石榴,ok,true,,17,mutation_item,,,Crop_79,0,0,0,derived-mutation,/game-config/seed_images_named/20079_%E7%95%AA%E7%9F%B3%E6%A6%B4_Crop_79_Seed.png,images/item_1040079_a7401cfb50.png,local_route
item:1040080,item,1040080,变异月柿,ok,true,,17,mutation_item,,,Crop_80,0,0,0,derived-mutation,/game-config/seed_images_named/20080_%E6%9C%88%E6%9F%BF_Crop_80_Seed.png,images/item_1040080_8c9f1ccefd.png,local_route
item:1040083,item,1040083,变异红毛丹,ok,true,,17,mutation_item,,,Crop_83,0,0,0,derived-mutation,/game-config/seed_images_named/20083_%E7%BA%A2%E6%AF%9B%E4%B8%B9_Crop_83_Seed.png,images/item_1040083_8d74da6e64.png,local_route
item:1040084,item,1040084,变异芭蕉,ok,true,,17,mutation_item,,,Crop_84,0,0,0,derived-mutation,/game-config/seed_images_named/20084_%E8%8A%AD%E8%95%89_Crop_84_Seed.png,images/item_1040084_2aae56b526.png,local_route
item:1040085,item,1040085,变异番荔枝,ok,true,,17,mutation_item,,,Crop_85,0,0,0,derived-mutation,/game-config/seed_images_named/20085_%E7%95%AA%E8%8D%94%E6%9E%9D_Crop_85_Seed.png,images/item_1040085_92397f6f0a.png,local_route
item:1040086,item,1040086,变异橄榄,ok,true,,17,mutation_item,,,Crop_86,0,0,0,derived-mutation,/game-config/seed_images_named/20086_%E6%A9%84%E6%A6%84_Crop_86_Seed.png,images/item_1040086_e3690ccf80.png,local_route
item:1040087,item,1040087,变异百香果,ok,true,,17,mutation_item,,,Crop_87,0,0,0,derived-mutation,/game-config/seed_images_named/20087_%E7%99%BE%E9%A6%99%E6%9E%9C_Crop_87_Seed.png,images/item_1040087_2062661844.png,local_route
item:1040088,item,1040088,变异灯笼果,ok,true,,17,mutation_item,,,Crop_88,0,0,0,derived-mutation,/game-config/seed_images_named/20088_%E7%81%AF%E7%AC%BC%E6%9E%9C_Crop_88_Seed.png,images/item_1040088_a18f9ccc50.png,local_route
item:1040089,item,1040089,变异芦荟,ok,true,,17,mutation_item,,,Crop_89,0,0,0,derived-mutation,/game-config/seed_images_named/20089_%E8%8A%A6%E8%8D%9F_Crop_89_Seed.png,images/item_1040089_b31f08f257.png,local_route
item:1040090,item,1040090,变异薄荷,ok,true,,17,mutation_item,,,Crop_90,0,0,0,derived-mutation,/game-config/seed_images_named/20090_%E8%96%84%E8%8D%B7_Crop_90_Seed.png,images/item_1040090_18a30c0df8.png,local_route
item:1040091,item,1040091,变异山楂,ok,true,,17,mutation_item,,,Crop_91,0,0,0,derived-mutation,/game-config/seed_images_named/20091_%E5%B1%B1%E6%A5%82_Crop_91_Seed.png,images/item_1040091_3c6cb318bd.png,local_route
item:1040095,item,1040095,变异栗子,ok,true,,17,mutation_item,,,Crop_95,0,0,0,derived-mutation,/game-config/seed_images_named/20095_%E6%A0%97%E5%AD%90_Crop_95_Seed.png,images/item_1040095_aed5642a27.png,local_route
item:1040096,item,1040096,变异生菜,ok,true,,17,mutation_item,,,Crop_96,0,0,0,derived-mutation,/game-config/seed_images_named/20096_%E7%94%9F%E8%8F%9C_Crop_96_Seed.png,images/item_1040096_ae397f6c13.png,local_route
item:1040097,item,1040097,变异黄瓜,ok,true,,17,mutation_item,,,Crop_97,0,0,0,derived-mutation,/game-config/seed_images_named/20097_%E9%BB%84%E7%93%9C_Crop_97_Seed.png,images/item_1040097_f2e0f5f697.png,local_route
item:1040098,item,1040098,变异花菜,ok,true,,17,mutation_item,,,Crop_98,0,0,0,derived-mutation,/game-config/seed_images_named/20098_%E8%8A%B1%E8%8F%9C_Crop_98_Seed.png,images/item_1040098_e66d03c843.png,local_route
item:1040099,item,1040099,变异油菜,ok,true,,17,mutation_item,,,Crop_99,0,0,0,derived-mutation,/game-config/seed_images_named/20099_%E6%B2%B9%E8%8F%9C_Crop_99_Seed.png,images/item_1040099_0c26111f10.png,local_route
item:1040100,item,1040100,变异竹笋,ok,true,,17,mutation_item,,,Crop_100,0,0,0,derived-mutation,/game-config/seed_images_named/20100_%E7%AB%B9%E7%AC%8B_Crop_100_Seed.png,images/item_1040100_b9349fc1e9.png,local_route
item:1040101,item,1040101,变异薰衣草,ok,true,,17,mutation_item,,,Crop_101,0,0,0,derived-mutation,/game-config/seed_images_named/Crop_101_Seed.png,images/item_1040101_6ba80b189c.png,local_route
item:1040102,item,1040102,变异马蹄莲,ok,true,,17,mutation_item,,,Crop_102,0,0,0,derived-mutation,/game-config/seed_images_named/Crop_102_Seed.png,images/item_1040102_fb9132d3d1.png,local_route
item:1040103,item,1040103,变异天香百合,ok,true,,17,mutation_item,,,Crop_103,0,0,0,derived-mutation,/game-config/seed_images_named/20103_%E5%A4%A9%E9%A6%99%E7%99%BE%E5%90%88_Crop_103_Seed.png,images/item_1040103_0140c36920.png,local_route
item:1040104,item,1040104,变异非洲菊,ok,true,,17,mutation_item,,,Crop_104,0,0,0,derived-mutation,/game-config/seed_images_named/20104_%E9%9D%9E%E6%B4%B2%E8%8F%8A_Crop_104_Seed.png,images/item_1040104_a202d8cf42.png,local_route
item:1040105,item,1040105,变异小雏菊,ok,true,,17,mutation_item,,,Crop_105,0,0,0,derived-mutation,/game-config/seed_images_named/20105_%E5%B0%8F%E9%9B%8F%E8%8F%8A_Crop_105_Seed.png,images/item_1040105_a337d45de8.png,local_route
item:1040106,item,1040106,变异郁金香,ok,true,,17,mutation_item,,,Crop_106,0,0,0,derived-mutation,/game-config/seed_images_named/Crop_106_Seed.png,images/item_1040106_d22bab24f9.png,local_route
item:1040109,item,1040109,黄金·蝴蝶兰,ok,true,,17,mutation_item,,,gold/Crop_109,1,1005,200,ItemInfo+derived-mutation,/miniapp-assets-cache/e59363b84d13ae32ad9e3dcf7c2c7e412991cc38.png,images/item_1040109_82df9ad8a5.png,local_route
item:1040110,item,1040110,变异满天星,ok,true,,17,mutation_item,,,Crop_110,0,0,0,derived-mutation,/game-config/seed_images_named/20110_%E6%BB%A1%E5%A4%A9%E6%98%9F_Crop_110_Seed.png,images/item_1040110_499b65e457.png,local_route
item:1040112,item,1040112,黄金·风信子,ok,true,,17,mutation_item,,,gold/Crop_112,1,1005,200,ItemInfo+derived-mutation,/miniapp-assets-cache/18884c704a77d124946bc3b36ea53a753559ab2b.png,images/item_1040112_dfef1da36e.png,local_route
item:1040115,item,1040115,变异兰花,ok,true,,17,mutation_item,,,Crop_115,0,0,0,derived-mutation,/game-config/seed_images_named/Crop_115_Seed.png,images/item_1040115_ef8e7a4021.png,local_route
item:1040116,item,1040116,变异曼陀罗华,ok,true,,17,mutation_item,,,Crop_116,0,0,0,derived-mutation,/game-config/seed_images_named/20116_%E6%9B%BC%E9%99%80%E7%BD%97%E5%8D%8E_Crop_116_Seed.png,images/item_1040116_38e0e20565.png,local_route
item:1040120,item,1040120,变异蒲公英,ok,true,,17,mutation_item,,,Crop_120,0,0,0,derived-mutation,/game-config/seed_images_named/20120_%E8%92%B2%E5%85%AC%E8%8B%B1_Crop_120_Seed.png,images/item_1040120_aa0ecf7cc0.png,local_route
item:1040121,item,1040121,黄金·蔷薇,ok,true,,17,mutation_item,,,gold/Crop_121,1,1005,200,ItemInfo+derived-mutation,/miniapp-assets-cache/cffca061d3706a115be584ae9458fd31df0e00a0.png,images/item_1040121_89fc3561b2.png,local_route
item:1040124,item,1040124,变异月季花,ok,true,,17,mutation_item,,,Crop_124,0,0,0,derived-mutation,/game-config/seed_images_named/Crop_124_Seed.png,images/item_1040124_a89230a533.png,local_route
item:1040126,item,1040126,变异曼珠沙华,ok,true,,17,mutation_item,,,Crop_126,0,0,0,derived-mutation,/game-config/seed_images_named/20126_%E6%9B%BC%E7%8F%A0%E6%B2%99%E5%8D%8E_Crop_126_Seed.png,images/item_1040126_9730e76031.png,local_route
item:1040128,item,1040128,变异茉莉花,ok,true,,17,mutation_item,,,Crop_128,0,0,0,derived-mutation,/game-config/seed_images_named/20128_%E8%8C%89%E8%8E%89%E8%8A%B1_Crop_128_Seed.png,images/item_1040128_e8235f49ab.png,local_route
item:1040131,item,1040131,变异六月雪,ok,true,,17,mutation_item,,,Crop_131,0,0,0,derived-mutation,/game-config/seed_images_named/Crop_131_Seed.png,images/item_1040131_c659e0166c.png,local_route
item:1040132,item,1040132,变异蓝铃花,ok,true,,17,mutation_item,,,Crop_132,0,0,0,derived-mutation,/game-config/seed_images_named/Crop_132_Seed.png,images/item_1040132_8cf0f194e8.png,local_route
item:1040135,item,1040135,变异火绒草,ok,true,,17,mutation_item,,,Crop_135,0,0,0,derived-mutation,/game-config/seed_images_named/20135_%E7%81%AB%E7%BB%92%E8%8D%89_Crop_135_Seed.png,images/item_1040135_d21b5cbfdb.png,local_route
item:1040141,item,1040141,变异花香根鸢尾,ok,true,,17,mutation_item,,,Crop_141,0,0,0,derived-mutation,/game-config/seed_images_named/20141_%E8%8A%B1%E9%A6%99%E6%A0%B9%E9%B8%A2%E5%B0%BE_Crop_141_Seed.png,images/item_1040141_479074f203.png,local_route
item:1040142,item,1040142,变异虞美人,ok,true,,17,mutation_item,,,Crop_142,0,0,0,derived-mutation,/game-config/seed_images_named/20142_%E8%99%9E%E7%BE%8E%E4%BA%BA_Crop_142_Seed.png,images/item_1040142_f4ecb22684.png,local_route
item:1040143,item,1040143,变异含羞草,ok,true,,17,mutation_item,,,Crop_143,0,0,0,derived-mutation,/game-config/seed_images_named/20143_%E5%90%AB%E7%BE%9E%E8%8D%89_Crop_143_Seed.png,images/item_1040143_1b3ba73526.png,local_route
item:1040145,item,1040145,变异向日葵,ok,true,,17,mutation_item,,,Crop_145,0,0,0,derived-mutation,/game-config/seed_images_named/20145_%E5%90%91%E6%97%A5%E8%91%B5_Crop_145_Seed.png,images/item_1040145_afab0be6da.png,local_route
item:1040147,item,1040147,变异牵牛花,ok,true,,17,mutation_item,,,Crop_147,0,0,0,derived-mutation,/game-config/seed_images_named/20147_%E7%89%B5%E7%89%9B%E8%8A%B1_Crop_147_Seed.png,images/item_1040147_175226b783.png,local_route
item:1040161,item,1040161,变异黄色秋菊,ok,true,,17,mutation_item,,,Crop_161,0,0,0,derived-mutation,/game-config/seed_images_named/20161_%E7%A7%8B%E8%8F%8A%EF%BC%88%E9%BB%84%E8%89%B2%EF%BC%89_Crop_161_Seed.png,images/item_1040161_6c3cba847a.png,local_route
item:1040162,item,1040162,变异红色秋菊,ok,true,,17,mutation_item,,,Crop_162,0,0,0,derived-mutation,/game-config/seed_images_named/20162_%E7%A7%8B%E8%8F%8A%EF%BC%88%E7%BA%A2%E8%89%B2%EF%BC%89_Crop_162_Seed.png,images/item_1040162_1fea9429a2.png,local_route
item:1040172,item,1040172,变异宋梅,ok,true,,17,mutation_item,,,Crop_172,0,0,0,derived-mutation,/game-config/seed_images_named/Crop_172_Seed.png,images/item_1040172_983db2eb3f.png,local_route
item:1040174,item,1040174,变异晚香玉,ok,true,,17,mutation_item,,,Crop_174,0,0,0,derived-mutation,/game-config/seed_images_named/Crop_174_Seed.png,images/item_1040174_c0bee887dc.png,local_route
item:1040182,item,1040182,变异艳蝶兰,ok,true,,17,mutation_item,,,Crop_182,0,0,0,derived-mutation,/game-config/seed_images_named/Crop_182_Seed.png,images/item_1040182_f39a6103e8.png,local_route
item:1040184,item,1040184,黄金·卡特兰,ok,true,,17,mutation_item,,,gold/Crop_184,3,1005,21,ItemInfo+derived-mutation,/miniapp-assets-cache/428f29946514f6317e474316a383491b00bf8c3e.png,images/item_1040184_cadbbc3963.png,local_route
item:1040187,item,1040187,变异君子兰,ok,true,,17,mutation_item,,,Crop_187,0,0,0,derived-mutation,/game-config/seed_images_named/Crop_187_Seed.png,images/item_1040187_4614675982.png,local_route
item:1040188,item,1040188,变异文殊兰,ok,true,,17,mutation_item,,,Crop_188,0,0,0,derived-mutation,/game-config/seed_images_named/Crop_188_Seed.png,images/item_1040188_8468f975e4.png,local_route
item:1040193,item,1040193,黄金·红云飞片,ok,true,,17,mutation_item,,,gold/Crop_193,3,1005,21,ItemInfo+derived-mutation,/miniapp-assets-cache/ddbffd9ab870d030f4f050739221c217339e7d48.png,images/item_1040193_faa2409ca3.png,local_route
item:1040201,item,1040201,变异天山雪莲,ok,true,,17,mutation_item,,,Crop_201,0,0,0,derived-mutation,/game-config/seed_images_named/20201_%E5%A4%A9%E5%B1%B1%E9%9B%AA%E8%8E%B2_Crop_201_Seed.png,images/item_1040201_660af8705d.png,local_route
item:1040202,item,1040202,变异金边灵芝,ok,true,,17,mutation_item,,,Crop_202,0,0,0,derived-mutation,/game-config/seed_images_named/20202_%E9%87%91%E8%BE%B9%E7%81%B5%E8%8A%9D_Crop_202_Seed.png,images/item_1040202_55b0936824.png,local_route
item:1040204,item,1040204,变异人参,ok,true,,17,mutation_item,,,Crop_204,0,0,0,derived-mutation,/game-config/seed_images_named/20204_%E4%BA%BA%E5%8F%82_Crop_204_Seed.png,images/item_1040204_6332b0f760.png,local_route
item:1040218,item,1040218,变异瓶子树,ok,true,,17,mutation_item,,,Crop_218,0,0,0,derived-mutation,/game-config/seed_images_named/20218_%E7%93%B6%E5%AD%90%E6%A0%91_Crop_218_Seed.png,images/item_1040218_101f6c45cd.png,local_route
item:1040220,item,1040220,变异猪笼草,ok,true,,17,mutation_item,,,Crop_220,0,0,0,derived-mutation,/game-config/seed_images_named/20220_%E7%8C%AA%E7%AC%BC%E8%8D%89_Crop_220_Seed.png,images/item_1040220_216687d4d9.png,local_route
item:1040221,item,1040221,变异天堂鸟,ok,true,,17,mutation_item,,,Crop_221,0,0,0,derived-mutation,/game-config/seed_images_named/20221_%E5%A4%A9%E5%A0%82%E9%B8%9F_Crop_221_Seed.png,images/item_1040221_6edfedcd11.png,local_route
item:1040222,item,1040222,变异豹皮花,ok,true,,17,mutation_item,,,Crop_222,0,0,0,derived-mutation,/game-config/seed_images_named/20222_%E8%B1%B9%E7%9A%AE%E8%8A%B1_Crop_222_Seed.png,images/item_1040222_e969bcf5cd.png,local_route
item:1040224,item,1040224,黄金·昙花,ok,true,,17,mutation_item,,,gold/Crop_224,2,1005,201,ItemInfo+derived-mutation,/miniapp-assets-cache/74ae92ef931b78e03a45edeb5c97ee96492dd8fc.png,images/item_1040224_a37406f090.png,local_route
item:1040225,item,1040225,变异宝华玉兰,ok,true,,17,mutation_item,,,Crop_225,0,0,0,derived-mutation,/game-config/seed_images_named/20225_%E5%AE%9D%E5%8D%8E%E7%8E%89%E5%85%B0_Crop_225_Seed.png,images/item_1040225_aff9131dbd.png,local_route
item:1040226,item,1040226,变异依米花,ok,true,,17,mutation_item,,,Crop_226,0,0,0,derived-mutation,/game-config/seed_images_named/20226_%E4%BE%9D%E7%B1%B3%E8%8A%B1_Crop_226_Seed.png,images/item_1040226_43d8966b7e.png,local_route
item:1040227,item,1040227,变异大王花,ok,true,,17,mutation_item,,,Crop_227,0,0,0,derived-mutation,/game-config/seed_images_named/20227_%E5%A4%A7%E7%8E%8B%E8%8A%B1_Crop_227_Seed.png,images/item_1040227_71ffc6b8aa.png,local_route
item:1040228,item,1040228,变异人参果,ok,true,,17,mutation_item,,,Crop_228,0,0,0,derived-mutation,/game-config/seed_images_named/20228_%E4%BA%BA%E5%8F%82%E6%9E%9C_Crop_228_Seed.png,images/item_1040228_497ffff4bf.png,local_route
item:1040229,item,1040229,变异何首乌,ok,true,,17,mutation_item,,,Crop_229,0,0,0,derived-mutation,/game-config/seed_images_named/20229_%E4%BD%95%E9%A6%96%E4%B9%8C_Crop_229_Seed.png,images/item_1040229_fd8d7c40e1.png,local_route
item:1040235,item,1040235,变异金花茶,ok,true,,17,mutation_item,,,Crop_235,0,0,0,derived-mutation,/game-config/seed_images_named/20235_%E9%87%91%E8%8A%B1%E8%8C%B6_Crop_235_Seed.png,images/item_1040235_9544632197.png,local_route
item:1040242,item,1040242,变异似血杜鹃,ok,true,,17,mutation_item,,,Crop_242,0,0,0,derived-mutation,/game-config/seed_images_named/20242_%E4%BC%BC%E8%A1%80%E6%9D%9C%E9%B9%83_Crop_242_Seed.png,images/item_1040242_fbc5ebb47d.png,local_route
item:1040249,item,1040249,黄金·荷包牡丹,ok,true,,17,mutation_item,,,gold/Crop_249,2,1005,201,ItemInfo+derived-mutation,/miniapp-assets-cache/66fafbf414894e2f59a8dec2f73e491e8762b099.png,images/item_1040249_d21718ce1c.png,local_route
item:1040256,item,1040256,黄金·石竹花,ok,true,,17,mutation_item,,,gold/Crop_256,3,1005,21,ItemInfo+derived-mutation,/miniapp-assets-cache/77eb6199d5403775414ef40b9cd748a290e6e107.png,images/item_1040256_1fe5aa9eae.png,local_route
item:1040257,item,1040257,黄金·孔雀草,ok,true,,17,mutation_item,,,gold/Crop_257,6,1005,41,ItemInfo+derived-mutation,/miniapp-assets-cache/f336904d2f3ba3e79c06c8933caaf67e5985ba28.png,images/item_1040257_4a05c9de3c.png,local_route
item:1040258,item,1040258,黄金·欧石楠,ok,true,,17,mutation_item,,,gold/Crop_258,6,1005,41,ItemInfo+derived-mutation,/miniapp-assets-cache/b4a2ebebc1f5d696a7b94618b91ec4bb7f2b2747.png,images/item_1040258_50a1f9967f.png,local_route
item:1040259,item,1040259,变异银莲花,ok,true,,17,mutation_item,,,Crop_259,0,0,0,derived-mutation,/game-config/seed_images_named/20259_%E9%93%B6%E8%8E%B2%E8%8A%B1_Crop_259_Seed.png,images/item_1040259_e8c8619ba5.png,local_route
item:1040261,item,1040261,黄金·针垫花,ok,true,,17,mutation_item,,,gold/Crop_261,3,1005,21,ItemInfo+derived-mutation,/miniapp-assets-cache/f1f7fb977eeb80237b9bfd061291ace7de3ace66.png,images/item_1040261_979d1fba67.png,local_route
item:1040304,item,1040304,黄金·黄金果,ok,true,,17,mutation_item,,,gold/Crop_304,6,1005,81,ItemInfo+derived-mutation,/miniapp-assets-cache/a361bad0e01b378a3a602c79f84c53cfa606663b.png,images/item_1040304_d70da18c6a.png,local_route
item:1040305,item,1040305,变异韭菜,ok,true,,17,mutation_item,,,Crop_305,0,0,0,derived-mutation,/game-config/seed_images_named/20305_%E9%9F%AD%E8%8F%9C_Crop_305_Seed.png,images/item_1040305_6cca191d4a.png,local_route
item:1040306,item,1040306,变异芹菜,ok,true,,17,mutation_item,,,Crop_306,0,0,0,derived-mutation,/game-config/seed_images_named/20306_%E8%8A%B9%E8%8F%9C_Crop_306_Seed.png,images/item_1040306_11abd9fba0.png,local_route
item:1040308,item,1040308,变异核桃,ok,true,,17,mutation_item,,,Crop_308,0,0,0,derived-mutation,/game-config/seed_images_named/20308_%E6%A0%B8%E6%A1%83_Crop_308_Seed.png,images/item_1040308_80c6aec510.png,local_route
item:1040396,item,1040396,变异迎春花,ok,true,,17,mutation_item,,,Crop_396,0,0,0,derived-mutation,/game-config/seed_images_named/20396_%E8%BF%8E%E6%98%A5%E8%8A%B1_Crop_396_Seed.png,images/item_1040396_3c5c398f8c.png,local_route
item:1040413,item,1040413,变异李子,ok,true,,17,mutation_item,,,Crop_413,0,0,0,derived-mutation,/game-config/seed_images_named/20413_%E6%9D%8E%E5%AD%90_Crop_413_Seed.png,images/item_1040413_542a3aead5.png,local_route
item:1040416,item,1040416,黄金·哈哈南瓜,ok,true,,17,mutation_item,,,gold/Crop_416,60,1005,31,ItemInfo+derived-mutation,/miniapp-assets-cache/5f943feb8f071ae34050bd0e47077e454040cec2.png,images/item_1040416_111724d13e.png,local_route
item:1040442,item,1040442,变异睡莲,ok,true,,17,mutation_item,,,Crop_442,0,0,0,derived-mutation,/game-config/seed_images_named/20442_%E7%9D%A1%E8%8E%B2_Crop_442_Seed.png,images/item_1040442_9acd0d7006.png,local_route
item:1041135,item,1041135,黄金·艾草,ok,true,,17,mutation_item,,,gold/Crop_1135,3,1005,200,ItemInfo+derived-mutation,/miniapp-assets-cache/fbecaa419fc21cdecf70d15a0789a2c537edc5ec.png,images/item_1041135_8bfff2c084.png,local_route
item:1041542,item,1041542,变异新春红包,ok,true,,17,mutation_item,,,Crop_1542,0,0,0,derived-mutation,/game-config/seed_images_named/21542_%E6%96%B0%E6%98%A5%E7%BA%A2%E5%8C%85_Crop_1542_Seed.png,images/item_1041542_a378ec6288.png,local_route
item:1049001,item,1049001,黄金·哈哈小南瓜,ok,true,,17,mutation_item,,,gold/Crop_9001,6,1005,41,ItemInfo,/miniapp-assets-cache/8e09baf2f13394ba107497f9a3966430842aef46.png,images/item_1049001_74a1389955.png,local_route
item:1049998,item,1049998,变异哈哈南瓜,ok,true,,17,mutation_item,,,Crop_9998,0,0,0,derived-mutation,/game-config/seed_images_named/29998_%E5%93%88%E5%93%88%E5%8D%97%E7%93%9C_Crop_9998_Seed.png,images/item_1049998_06eac4701b.png,local_route
seed:20001,seed,20001,草莓种子,ok,true,,5,seed,20001,1020001,Crop_1,1120,0,1,seed-catalog,/game-config/seed_images_named/20001_%E8%8D%89%E8%8E%93_Crop_1_Seed.png,images/seed_20001_62bada5173.png,local_route
seed:20002,seed,20002,白萝卜种子,ok,true,,5,seed,20002,1020002,Crop_2,1,0,1,seed-catalog,/game-config/seed_images_named/20002_%E7%99%BD%E8%90%9D%E5%8D%9C_Crop_2_Seed%20-%20.png,images/seed_20002_020a806a7e.png,local_route
seed:20003,seed,20003,胡萝卜种子,ok,true,,5,seed,20003,1020003,Crop_3,2,0,1,seed-catalog,/game-config/seed_images_named/20003_%E8%83%A1%E8%90%9D%E5%8D%9C_Crop_3_Seed.png,images/seed_20003_3bd7efa1a2.png,local_route
seed:20004,seed,20004,玉米种子,ok,true,,5,seed,20004,1020004,Crop_4,84,0,1,seed-catalog,/game-config/seed_images_named/20004_%E7%8E%89%E7%B1%B3_Crop_4_Seed.png,images/seed_20004_d2c23522d4.png,local_route
seed:20005,seed,20005,土豆种子,ok,true,,5,seed,20005,1020005,Crop_5,134,0,1,seed-catalog,/game-config/seed_images_named/20005_%E5%9C%9F%E8%B1%86_Crop_5_Seed.png,images/seed_20005_1a908e26cf.png,local_route
seed:20006,seed,20006,茄子种子,ok,true,,5,seed,20006,1020006,Crop_6,576,0,1,seed-catalog,/game-config/seed_images_named/20006_%E8%8C%84%E5%AD%90_Crop_6_Seed.png,images/seed_20006_4015d15bf2.png,local_route
seed:20007,seed,20007,番茄种子,ok,true,,5,seed,20007,1020007,Crop_7,640,0,1,seed-catalog,/game-config/seed_images_named/20007_%E7%95%AA%E8%8C%84_Crop_7_Seed.png,images/seed_20007_bb601ff4dd.png,local_route
seed:20008,seed,20008,豌豆种子,ok,true,,5,seed,20008,1020008,Crop_8,704,0,1,seed-catalog,/game-config/seed_images_named/20008_%E8%B1%8C%E8%B1%86_Crop_8_Seed.png,images/seed_20008_f7ade8bb60.png,local_route
seed:20009,seed,20009,辣椒种子,ok,true,,5,seed,20009,1020009,Crop_9,888,0,1,seed-catalog,/game-config/seed_images_named/20009_%E8%BE%A3%E6%A4%92_Crop_9_Seed.png,images/seed_20009_66dfe1d44b.png,local_route
seed:20010,seed,20010,南瓜种子,ok,true,,5,seed,20010,1020010,Crop_10,992,0,1,seed-catalog,/game-config/seed_images_named/20010_%E5%8D%97%E7%93%9C_Crop_10_Seed.png,images/seed_20010_0a52b3c97c.png,local_route
seed:20011,seed,20011,苹果种子,ok,true,,5,seed,20011,1020011,Crop_11,1680,0,1,seed-catalog,/game-config/seed_images_named/20011_%E8%8B%B9%E6%9E%9C_Crop_11_Seed.png,images/seed_20011_4564c1b628.png,local_route
seed:20013,seed,20013,葡萄种子,ok,true,,5,seed,20013,1020013,Crop_13,1728,0,1,seed-catalog,/game-config/seed_images_named/20013_%E8%91%A1%E8%90%84_Crop_13_Seed.png,images/seed_20013_48362af46f.png,local_route
seed:20014,seed,20014,西瓜种子,ok,true,,5,seed,20014,1020014,Crop_14,1400,0,1,seed-catalog,/game-config/seed_images_named/20014_%E8%A5%BF%E7%93%9C_Crop_14_Seed.png,images/seed_20014_2fbbe0edb0.png,local_route
seed:20015,seed,20015,香蕉种子,ok,true,,5,seed,20015,1020015,Crop_15,4200,0,1,seed-catalog,/game-config/seed_images_named/20015_%E9%A6%99%E8%95%89_Crop_15_Seed.png,images/seed_20015_40937a2946.png,local_route
seed:20018,seed,20018,桃子种子,ok,true,,5,seed,20018,1020018,Crop_18,1560,0,1,seed-catalog,/game-config/seed_images_named/20018_%E6%A1%83%E5%AD%90_Crop_18_Seed.png,images/seed_20018_007c28e813.png,local_route
seed:20019,seed,20019,橙子种子,ok,true,,5,seed,20019,1020019,Crop_19,4680,0,1,seed-catalog,/game-config/seed_images_named/20019_%E6%A9%99%E5%AD%90_Crop_19_Seed.png,images/seed_20019_51526ac5b1.png,local_route
seed:20022,seed,20022,鳄梨种子,ok,true,,5,seed,20022,1020022,Crop_22,14040,0,1,seed-catalog,/game-config/seed_images_named/20022_%E9%B3%84%E6%A2%A8_Crop_22_Seed.png,images/seed_20022_b323b80a65.png,local_route
seed:20023,seed,20023,石榴种子,ok,true,,5,seed,20023,1020023,Crop_23,1920,0,1,seed-catalog,/game-config/seed_images_named/20023_%E7%9F%B3%E6%A6%B4_Crop_23_Seed.png,images/seed_20023_4e19aa8794.png,local_route
seed:20025,seed,20025,银杏树苗种子,ok,true,,5,seed,20025,1020025,Crop_25,1000,0,1,seed-catalog,/game-config/seed_images_named/Crop_25_Seed.png,images/seed_20025_60d32f550f.png,local_route
seed:20026,seed,20026,柚子种子,ok,true,,5,seed,20026,1020026,Crop_26,5760,0,1,seed-catalog,/game-config/seed_images_named/20026_%E6%9F%9A%E5%AD%90_Crop_26_Seed.png,images/seed_20026_32c3ea8f86.png,local_route
seed:20027,seed,20027,菠萝种子,ok,true,,5,seed,20027,1020027,Crop_27,3168,0,1,seed-catalog,/game-config/seed_images_named/20027_%E8%8F%A0%E8%90%9D_Crop_27_Seed.png,images/seed_20027_385d836852.png,local_route
seed:20029,seed,20029,椰子种子,ok,true,,5,seed,20029,1020029,Crop_29,1746,0,1,seed-catalog,/game-config/seed_images_named/20029_%E6%A4%B0%E5%AD%90_Crop_29_Seed.png,images/seed_20029_7b2f76f4ed.png,local_route
seed:20031,seed,20031,葫芦种子,ok,true,,5,seed,20031,1020031,Crop_31,10476,0,1,seed-catalog,/game-config/seed_images_named/20031_%E8%91%AB%E8%8A%A6_Crop_31_Seed.png,images/seed_20031_d4d80097e5.png,local_route
seed:20033,seed,20033,火龙果种子,ok,true,,5,seed,20033,1020033,Crop_33,11484,0,1,seed-catalog,/game-config/seed_images_named/20033_%E7%81%AB%E9%BE%99%E6%9E%9C_Crop_33_Seed.png,images/seed_20033_a7c5e2cc3e.png,local_route
seed:20034,seed,20034,樱桃种子,ok,true,,5,seed,20034,1020034,Crop_34,4176,0,1,seed-catalog,/game-config/seed_images_named/20034_%E6%A8%B1%E6%A1%83_Crop_34_Seed.png,images/seed_20034_3b821fc886.png,local_route
seed:20035,seed,20035,荔枝种子,ok,true,,5,seed,20035,1020035,Crop_35,12528,0,1,seed-catalog,/game-config/seed_images_named/20035_%E8%8D%94%E6%9E%9D_Crop_35_Seed.png,images/seed_20035_3df14d0d82.png,local_route
seed:20036,seed,20036,箬竹种子,ok,true,,5,seed,20036,1020036,Crop_36,4752,0,1,seed-catalog,/game-config/seed_images_named/20036_%E7%AE%AC%E7%AB%B9_Crop_36_Seed.png,images/seed_20036_f60ea269b7.png,local_route
seed:20037,seed,20037,莲藕种子,ok,true,,5,seed,20037,1020037,Crop_37,1056,0,1,seed-catalog,/game-config/seed_images_named/20037_%E8%8E%B2%E8%97%95_Crop_37_Seed.png,images/seed_20037_885c9dd87a.png,local_route
seed:20038,seed,20038,木瓜种子,ok,true,,5,seed,20038,1020038,Crop_38,4560,0,1,seed-catalog,/game-config/seed_images_named/20038_%E6%9C%A8%E7%93%9C_Crop_38_Seed.png,images/seed_20038_cfc63597f8.png,local_route
seed:20039,seed,20039,杨桃种子,ok,true,,5,seed,20039,1020039,Crop_39,2472,0,1,seed-catalog,/game-config/seed_images_named/20039_%E6%9D%A8%E6%A1%83_Crop_39_Seed.png,images/seed_20039_25fd32c892.png,local_route
seed:20041,seed,20041,红玫瑰种子,ok,true,,5,seed,20041,1020041,Crop_41,2112,0,1,seed-catalog,/game-config/seed_images_named/20041_%E7%BA%A2%E7%8E%AB%E7%91%B0_Crop_41_Seed.png,images/seed_20041_0172c99ffd.png,local_route
seed:20042,seed,20042,柠檬种子,ok,true,,5,seed,20042,1020042,Crop_42,14832,0,1,seed-catalog,/game-config/seed_images_named/20042_%E6%9F%A0%E6%AA%AC_Crop_42_Seed.png,images/seed_20042_2f4ebf0e68.png,local_route
seed:20043,seed,20043,无花果种子,ok,true,,5,seed,20043,1020043,Crop_43,9504,0,1,seed-catalog,/game-config/seed_images_named/20043_%E6%97%A0%E8%8A%B1%E6%9E%9C_Crop_43_Seed.png,images/seed_20043_1a439103c3.png,local_route
seed:20044,seed,20044,丝瓜种子,ok,true,,5,seed,20044,1020044,Crop_44,2592,0,1,seed-catalog,/game-config/seed_images_named/20044_%E4%B8%9D%E7%93%9C_Crop_44_Seed.png,images/seed_20044_9643028541.png,local_route
seed:20045,seed,20045,猕猴桃种子,ok,true,,5,seed,20045,1020045,Crop_45,1914,0,1,seed-catalog,/game-config/seed_images_named/20045_%E7%8C%95%E7%8C%B4%E6%A1%83_Crop_45_Seed.png,images/seed_20045_0533b867f5.png,local_route
seed:20046,seed,20046,爱心果种子,ok,true,,5,seed,20046,1020046,Crop_46,12000,0,1,seed-catalog,/game-config/seed_images_named/Crop_46_Seed.png,images/seed_20046_28e60201ad.png,local_route
seed:20047,seed,20047,甘蔗种子,ok,true,,5,seed,20047,1020047,Crop_47,2340,0,1,seed-catalog,/game-config/seed_images_named/20047_%E7%94%98%E8%94%97_Crop_47_Seed.png,images/seed_20047_09f36bf51e.png,local_route
seed:20048,seed,20048,杨梅种子,ok,true,,5,seed,20048,1020048,Crop_48,5364,0,1,seed-catalog,/game-config/seed_images_named/20048_%E6%9D%A8%E6%A2%85_Crop_48_Seed.png,images/seed_20048_cdb275d99c.png,local_route
seed:20049,seed,20049,花生种子,ok,true,,5,seed,20049,1020049,Crop_49,3492,0,1,seed-catalog,/game-config/seed_images_named/20049_%E8%8A%B1%E7%94%9F_Crop_49_Seed.png,images/seed_20049_d55d448757.png,local_route
seed:20050,seed,20050,蘑菇种子,ok,true,,5,seed,20050,1020050,Crop_50,1584,0,1,seed-catalog,/game-config/seed_images_named/20050_%E8%98%91%E8%8F%87_Crop_50_Seed.png,images/seed_20050_375179c037.png,local_route
seed:20051,seed,20051,红枣种子,ok,true,,5,seed,20051,1020051,Crop_51,864,0,1,seed-catalog,/game-config/seed_images_named/20051_%E7%BA%A2%E6%9E%A3_Crop_51_Seed.png,images/seed_20051_b4d538afdb.png,local_route
seed:20052,seed,20052,金针菇种子,ok,true,,5,seed,20052,1020052,Crop_52,5238,0,1,seed-catalog,/game-config/seed_images_named/20052_%E9%87%91%E9%92%88%E8%8F%87_Crop_52_Seed.png,images/seed_20052_7204d0ba15.png,local_route
seed:20053,seed,20053,桂圆种子,ok,true,,5,seed,20053,1020053,Crop_53,6840,0,1,seed-catalog,/game-config/seed_images_named/20053_%E6%A1%82%E5%9C%86_Crop_53_Seed.png,images/seed_20053_dc2a51be99.png,local_route
seed:20054,seed,20054,梨种子,ok,true,,5,seed,20054,1020054,Crop_54,3828,0,1,seed-catalog,/game-config/seed_images_named/20054_%E6%A2%A8_Crop_54_Seed.png,images/seed_20054_cb24215752.png,local_route
seed:20055,seed,20055,枇杷种子,ok,true,,5,seed,20055,1020055,Crop_55,2088,0,1,seed-catalog,/game-config/seed_images_named/20055_%E6%9E%87%E6%9D%B7_Crop_55_Seed.png,images/seed_20055_c3415dfa4e.png,local_route
seed:20056,seed,20056,哈密瓜种子,ok,true,,5,seed,20056,1020056,Crop_56,4944,0,1,seed-catalog,/game-config/seed_images_named/20056_%E5%93%88%E5%AF%86%E7%93%9C_Crop_56_Seed.png,images/seed_20056_4aa97eb42c.png,local_route
seed:20057,seed,20057,芒果种子,ok,true,,5,seed,20057,1020057,Crop_57,2682,0,1,seed-catalog,/game-config/seed_images_named/20057_%E8%8A%92%E6%9E%9C_Crop_57_Seed.png,images/seed_20057_6ef7b5dcd8.png,local_route
seed:20058,seed,20058,榴莲种子,ok,true,,5,seed,20058,1020058,Crop_58,8046,0,1,seed-catalog,/game-config/seed_images_named/20058_%E6%A6%B4%E8%8E%B2_Crop_58_Seed.png,images/seed_20058_e0ea4bc6b1.png,local_route
seed:20059,seed,20059,大白菜种子,ok,true,,5,seed,20059,1020059,Crop_59,5,0,1,seed-catalog,/game-config/seed_images_named/20059_%E5%A4%A7%E7%99%BD%E8%8F%9C_Crop_59_Seed.png,images/seed_20059_83aaa753f0.png,local_route
seed:20060,seed,20060,水稻种子,ok,true,,5,seed,20060,1020060,Crop_60,42,0,1,seed-catalog,/game-config/seed_images_named/20060_%E6%B0%B4%E7%A8%BB_Crop_60_Seed.png,images/seed_20060_21022d1b9d.png,local_route
seed:20061,seed,20061,小麦种子,ok,true,,5,seed,20061,1020061,Crop_61,63,0,1,seed-catalog,/game-config/seed_images_named/20061_%E5%B0%8F%E9%BA%A6_Crop_61_Seed.png,images/seed_20061_e46795ffa2.png,local_route
seed:20062,seed,20062,四叶草种子,ok,true,,5,seed,20062,1020062,Crop_62,3360,0,1,seed-catalog,/game-config/seed_images_named/20062_%E5%9B%9B%E5%8F%B6%E8%8D%89_Crop_62_Seed.png,images/seed_20062_0941b20526.png,local_route
seed:20063,seed,20063,苦瓜种子,ok,true,,5,seed,20063,1020063,Crop_63,9360,0,1,seed-catalog,/game-config/seed_images_named/20063_%E8%8B%A6%E7%93%9C_Crop_63_Seed.png,images/seed_20063_1889acb3de.png,local_route
seed:20064,seed,20064,大葱种子,ok,true,,5,seed,20064,1020064,Crop_64,21,0,1,seed-catalog,/game-config/seed_images_named/20064_%E5%A4%A7%E8%91%B1_Crop_64_Seed.png,images/seed_20064_ccf9bd1361.png,local_route
seed:20065,seed,20065,大蒜种子,ok,true,,5,seed,20065,1020065,Crop_65,10,0,1,seed-catalog,/game-config/seed_images_named/20065_%E5%A4%A7%E8%92%9C_Crop_65_Seed.png,images/seed_20065_052e82eac1.png,local_route
seed:20066,seed,20066,鲜姜种子,ok,true,,5,seed,20066,1020066,Crop_66,111,0,1,seed-catalog,/game-config/seed_images_named/20066_%E9%B2%9C%E5%A7%9C_Crop_66_Seed.png,images/seed_20066_6738fee47b.png,local_route
seed:20067,seed,20067,香瓜种子,ok,true,,5,seed,20067,1020067,Crop_67,2280,0,1,seed-catalog,/game-config/seed_images_named/20067_%E9%A6%99%E7%93%9C_Crop_67_Seed.png,images/seed_20067_832711694b.png,local_route
seed:20068,seed,20068,冬瓜种子,ok,true,,5,seed,20068,1020068,Crop_68,3360,0,1,seed-catalog,/game-config/seed_images_named/20068_%E5%86%AC%E7%93%9C_Crop_68_Seed.png,images/seed_20068_764e17d40b.png,local_route
seed:20069,seed,20069,莴笋种子,ok,true,,5,seed,20069,1020069,Crop_69,7200,0,1,seed-catalog,/game-config/seed_images_named/Crop_69_Seed.png,images/seed_20069_cf6336913e.png,local_route
seed:20070,seed,20070,黄豆种子,ok,true,,5,seed,20070,1020070,Crop_70,2100,0,1,seed-catalog,/game-config/seed_images_named/20070_%E9%BB%84%E8%B1%86_Crop_70_Seed.png,images/seed_20070_9be0d86f04.png,local_route
seed:20071,seed,20071,小白菜种子,ok,true,,5,seed,20071,1020071,Crop_71,167,0,1,seed-catalog,/game-config/seed_images_named/20071_%E5%B0%8F%E7%99%BD%E8%8F%9C_Crop_71_Seed.png,images/seed_20071_6a95fe7245.png,local_route
seed:20072,seed,20072,榛子种子,ok,true,,5,seed,20072,1020072,Crop_72,5184,0,1,seed-catalog,/game-config/seed_images_named/20072_%E6%A6%9B%E5%AD%90_Crop_72_Seed.png,images/seed_20072_aa89a6f508.png,local_route
seed:20073,seed,20073,菠菜种子,ok,true,,5,seed,20073,1020073,Crop_73,560,0,1,seed-catalog,/game-config/seed_images_named/20073_%E8%8F%A0%E8%8F%9C_Crop_73_Seed.png,images/seed_20073_9030e6c2d5.png,local_route
seed:20074,seed,20074,金桔种子,ok,true,,5,seed,20074,1020074,Crop_74,20160,0,1,seed-catalog,/game-config/seed_images_named/20074_%E9%87%91%E6%A1%94_Crop_74_Seed.png,images/seed_20074_5b9b25a0de.png,local_route
seed:20075,seed,20075,桑葚种子,ok,true,,5,seed,20075,1020075,Crop_75,7416,0,1,seed-catalog,/game-config/seed_images_named/20075_%E6%A1%91%E8%91%9A_Crop_75_Seed.png,images/seed_20075_f79b06b8f0.png,local_route
seed:20076,seed,20076,山竹种子,ok,true,,5,seed,20076,1020076,Crop_76,17388,0,1,seed-catalog,/game-config/seed_images_named/20076_%E5%B1%B1%E7%AB%B9_Crop_76_Seed.png,images/seed_20076_ef4eff90a6.png,local_route
seed:20077,seed,20077,蓝莓种子,ok,true,,5,seed,20077,1020077,Crop_77,5796,0,1,seed-catalog,/game-config/seed_images_named/20077_%E8%93%9D%E8%8E%93_Crop_77_Seed.png,images/seed_20077_c433d04753.png,local_route
seed:20078,seed,20078,杏子种子,ok,true,,5,seed,20078,1020078,Crop_78,10080,0,1,seed-catalog,/game-config/seed_images_named/20078_%E6%9D%8F%E5%AD%90_Crop_78_Seed.png,images/seed_20078_f9c5bc0774.png,local_route
seed:20079,seed,20079,番石榴种子,ok,true,,5,seed,20079,1020079,Crop_79,16092,0,1,seed-catalog,/game-config/seed_images_named/20079_%E7%95%AA%E7%9F%B3%E6%A6%B4_Crop_79_Seed.png,images/seed_20079_a7401cfb50.png,local_route
seed:20080,seed,20080,月柿种子,ok,true,,5,seed,20080,1020080,Crop_80,13680,0,1,seed-catalog,/game-config/seed_images_named/20080_%E6%9C%88%E6%9F%BF_Crop_80_Seed.png,images/seed_20080_8c9f1ccefd.png,local_route
seed:20083,seed,20083,红毛丹种子,ok,true,,5,seed,20083,1020083,Crop_83,3600,0,1,seed-catalog,/game-config/seed_images_named/20083_%E7%BA%A2%E6%AF%9B%E4%B8%B9_Crop_83_Seed.png,images/seed_20083_8d74da6e64.png,local_route
seed:20084,seed,20084,芭蕉种子,ok,true,,5,seed,20084,1020084,Crop_84,10800,0,1,seed-catalog,/game-config/seed_images_named/20084_%E8%8A%AD%E8%95%89_Crop_84_Seed.png,images/seed_20084_2aae56b526.png,local_route
seed:20085,seed,20085,番荔枝种子,ok,true,,5,seed,20085,1020085,Crop_85,3858,0,1,seed-catalog,/game-config/seed_images_named/20085_%E7%95%AA%E8%8D%94%E6%9E%9D_Crop_85_Seed.png,images/seed_20085_92397f6f0a.png,local_route
seed:20086,seed,20086,橄榄种子,ok,true,,5,seed,20086,1020086,Crop_86,11574,0,1,seed-catalog,/game-config/seed_images_named/20086_%E6%A9%84%E6%A6%84_Crop_86_Seed.png,images/seed_20086_e3690ccf80.png,local_route
seed:20087,seed,20087,百香果种子,ok,true,,5,seed,20087,1020087,Crop_87,4122,0,1,seed-catalog,/game-config/seed_images_named/20087_%E7%99%BE%E9%A6%99%E6%9E%9C_Crop_87_Seed.png,images/seed_20087_2062661844.png,local_route
seed:20088,seed,20088,灯笼果种子,ok,true,,5,seed,20088,1020088,Crop_88,12366,0,1,seed-catalog,/game-config/seed_images_named/20088_%E7%81%AF%E7%AC%BC%E6%9E%9C_Crop_88_Seed.png,images/seed_20088_a18f9ccc50.png,local_route
seed:20089,seed,20089,芦荟种子,ok,true,,5,seed,20089,1020089,Crop_89,4392,0,1,seed-catalog,/game-config/seed_images_named/20089_%E8%8A%A6%E8%8D%9F_Crop_89_Seed.png,images/seed_20089_b31f08f257.png,local_route
seed:20090,seed,20090,薄荷种子,ok,true,,5,seed,20090,1020090,Crop_90,13176,0,1,seed-catalog,/game-config/seed_images_named/20090_%E8%96%84%E8%8D%B7_Crop_90_Seed.png,images/seed_20090_18a30c0df8.png,local_route
seed:20091,seed,20091,山楂种子,ok,true,,5,seed,20091,1020091,Crop_91,2976,0,1,seed-catalog,/game-config/seed_images_named/20091_%E5%B1%B1%E6%A5%82_Crop_91_Seed.png,images/seed_20091_3c6cb318bd.png,local_route
seed:20095,seed,20095,栗子种子,ok,true,,5,seed,20095,1020095,Crop_95,2880,0,1,seed-catalog,/game-config/seed_images_named/20095_%E6%A0%97%E5%AD%90_Crop_95_Seed.png,images/seed_20095_aed5642a27.png,local_route
seed:20096,seed,20096,生菜种子,ok,true,,5,seed,20096,1020096,Crop_96,201,0,1,seed-catalog,/game-config/seed_images_named/20096_%E7%94%9F%E8%8F%9C_Crop_96_Seed.png,images/seed_20096_ae397f6c13.png,local_route
seed:20097,seed,20097,黄瓜种子,ok,true,,5,seed,20097,1020097,Crop_97,1332,0,1,seed-catalog,/game-config/seed_images_named/20097_%E9%BB%84%E7%93%9C_Crop_97_Seed.png,images/seed_20097_f2e0f5f697.png,local_route
seed:20098,seed,20098,花菜种子,ok,true,,5,seed,20098,1020098,Crop_98,960,0,1,seed-catalog,/game-config/seed_images_named/20098_%E8%8A%B1%E8%8F%9C_Crop_98_Seed.png,images/seed_20098_e66d03c843.png,local_route
seed:20099,seed,20099,油菜种子,ok,true,,5,seed,20099,1020099,Crop_99,288,0,1,seed-catalog,/game-config/seed_images_named/20099_%E6%B2%B9%E8%8F%9C_Crop_99_Seed.png,images/seed_20099_0c26111f10.png,local_route
seed:20100,seed,20100,竹笋种子,ok,true,,5,seed,20100,1020100,Crop_100,780,0,1,seed-catalog,/game-config/seed_images_named/20100_%E7%AB%B9%E7%AC%8B_Crop_100_Seed.png,images/seed_20100_b9349fc1e9.png,local_route
seed:20101,seed,20101,薰衣草种子,ok,true,,5,seed,20101,1020101,Crop_101,14904,0,1,seed-catalog,/game-config/seed_images_named/Crop_101_Seed.png,images/seed_20101_6ba80b189c.png,local_route
seed:20102,seed,20102,马蹄莲种子,ok,true,,5,seed,20102,1020102,Crop_102,29808,0,1,seed-catalog,/game-config/seed_images_named/Crop_102_Seed.png,images/seed_20102_fb9132d3d1.png,local_route
seed:20103,seed,20103,天香百合种子,ok,true,,5,seed,20103,1020103,Crop_103,496,0,1,seed-catalog,/game-config/seed_images_named/20103_%E5%A4%A9%E9%A6%99%E7%99%BE%E5%90%88_Crop_103_Seed.png,images/seed_20103_0140c36920.png,local_route
seed:20104,seed,20104,非洲菊种子,ok,true,,5,seed,20104,1020104,Crop_104,624,0,1,seed-catalog,/game-config/seed_images_named/20104_%E9%9D%9E%E6%B4%B2%E8%8F%8A_Crop_104_Seed.png,images/seed_20104_a202d8cf42.png,local_route
seed:20105,seed,20105,小雏菊种子,ok,true,,5,seed,20105,1020105,Crop_105,352,0,1,seed-catalog,/game-config/seed_images_named/20105_%E5%B0%8F%E9%9B%8F%E8%8F%8A_Crop_105_Seed.png,images/seed_20105_a337d45de8.png,local_route
seed:20106,seed,20106,郁金香种子,ok,true,,5,seed,20106,1020106,Crop_106,9936,0,1,seed-catalog,/game-config/seed_images_named/Crop_106_Seed.png,images/seed_20106_d22bab24f9.png,local_route
seed:20109,seed,20109,蝴蝶兰种子,ok,true,,5,seed,20109,1020109,Crop_109,1000,0,1,seed-catalog,/game-config/seed_images_named/Crop_109_Seed.png,images/seed_20109_707441d514.png,local_route
seed:20110,seed,20110,满天星种子,ok,true,,5,seed,20110,1020110,Crop_110,792,0,1,seed-catalog,/game-config/seed_images_named/20110_%E6%BB%A1%E5%A4%A9%E6%98%9F_Crop_110_Seed.png,images/seed_20110_499b65e457.png,local_route
seed:20112,seed,20112,风信子种子,ok,true,,5,seed,20112,1020112,Crop_112,1000,0,1,seed-catalog,/game-config/seed_images_named/Crop_112_Seed.png,images/seed_20112_3cec86e3b7.png,local_route
seed:20115,seed,20115,兰花种子,ok,true,,5,seed,20115,1020115,Crop_115,31644,0,1,seed-catalog,/game-config/seed_images_named/Crop_115_Seed.png,images/seed_20115_ef8e7a4021.png,local_route
seed:20116,seed,20116,曼陀罗华种子,ok,true,,5,seed,20116,1020116,Crop_116,3120,0,1,seed-catalog,/game-config/seed_images_named/20116_%E6%9B%BC%E9%99%80%E7%BD%97%E5%8D%8E_Crop_116_Seed.png,images/seed_20116_38e0e20565.png,local_route
seed:20120,seed,20120,蒲公英种子,ok,true,,5,seed,20120,1020120,Crop_120,1728,0,1,seed-catalog,/game-config/seed_images_named/20120_%E8%92%B2%E5%85%AC%E8%8B%B1_Crop_120_Seed.png,images/seed_20120_aa0ecf7cc0.png,local_route
seed:20121,seed,20121,蔷薇种子,ok,true,,5,seed,20121,1020121,Crop_121,1000,0,1,seed-catalog,/game-config/seed_images_named/Crop_121_Seed.png,images/seed_20121_c0878207b0.png,local_route
seed:20124,seed,20124,月季花种子,ok,true,,5,seed,20124,1020124,Crop_124,15822,0,1,seed-catalog,/game-config/seed_images_named/Crop_124_Seed.png,images/seed_20124_a89230a533.png,local_route
seed:20126,seed,20126,曼珠沙华种子,ok,true,,5,seed,20126,1020126,Crop_126,6240,0,1,seed-catalog,/game-config/seed_images_named/20126_%E6%9B%BC%E7%8F%A0%E6%B2%99%E5%8D%8E_Crop_126_Seed.png,images/seed_20126_9730e76031.png,local_route
seed:20128,seed,20128,茉莉花种子,ok,true,,5,seed,20128,1020128,Crop_128,864,0,1,seed-catalog,/game-config/seed_images_named/20128_%E8%8C%89%E8%8E%89%E8%8A%B1_Crop_128_Seed.png,images/seed_20128_e8235f49ab.png,local_route
seed:20131,seed,20131,六月雪种子,ok,true,,5,seed,20131,1020131,Crop_131,11172,0,1,seed-catalog,/game-config/seed_images_named/Crop_131_Seed.png,images/seed_20131_c659e0166c.png,local_route
seed:20132,seed,20132,蓝铃花种子,ok,true,,5,seed,20132,1020132,Crop_132,16758,0,1,seed-catalog,/game-config/seed_images_named/Crop_132_Seed.png,images/seed_20132_8cf0f194e8.png,local_route
seed:20135,seed,20135,火绒草种子,ok,true,,5,seed,20135,1020135,Crop_135,1248,0,1,seed-catalog,/game-config/seed_images_named/20135_%E7%81%AB%E7%BB%92%E8%8D%89_Crop_135_Seed.png,images/seed_20135_d21b5cbfdb.png,local_route
seed:20141,seed,20141,花香根鸢尾种子,ok,true,,5,seed,20141,1020141,Crop_141,1872,0,1,seed-catalog,/game-config/seed_images_named/20141_%E8%8A%B1%E9%A6%99%E6%A0%B9%E9%B8%A2%E5%B0%BE_Crop_141_Seed.png,images/seed_20141_479074f203.png,local_route
seed:20142,seed,20142,虞美人种子,ok,true,,5,seed,20142,1020142,Crop_142,3744,0,1,seed-catalog,/game-config/seed_images_named/20142_%E8%99%9E%E7%BE%8E%E4%BA%BA_Crop_142_Seed.png,images/seed_20142_f4ecb22684.png,local_route
seed:20143,seed,20143,含羞草种子,ok,true,,5,seed,20143,1020143,Crop_143,1188,0,1,seed-catalog,/game-config/seed_images_named/20143_%E5%90%AB%E7%BE%9E%E8%8D%89_Crop_143_Seed.png,images/seed_20143_1b3ba73526.png,local_route
seed:20145,seed,20145,向日葵种子,ok,true,,5,seed,20145,1020145,Crop_145,700,0,1,seed-catalog,/game-config/seed_images_named/20145_%E5%90%91%E6%97%A5%E8%91%B5_Crop_145_Seed.png,images/seed_20145_afab0be6da.png,local_route
seed:20147,seed,20147,牵牛花种子,ok,true,,5,seed,20147,1020147,Crop_147,2376,0,1,seed-catalog,/game-config/seed_images_named/20147_%E7%89%B5%E7%89%9B%E8%8A%B1_Crop_147_Seed.png,images/seed_20147_175226b783.png,local_route
seed:20161,seed,20161,黄色秋菊种子,ok,true,,5,seed,20161,1020161,Crop_161,396,0,1,seed-catalog,/game-config/seed_images_named/20161_%E7%A7%8B%E8%8F%8A%EF%BC%88%E9%BB%84%E8%89%B2%EF%BC%89_Crop_161_Seed.png,images/seed_20161_6c3cba847a.png,local_route
seed:20162,seed,20162,红色秋菊种子,ok,true,,5,seed,20162,1020162,Crop_162,444,0,1,seed-catalog,/game-config/seed_images_named/20162_%E7%A7%8B%E8%8F%8A%EF%BC%88%E7%BA%A2%E8%89%B2%EF%BC%89_Crop_162_Seed.png,images/seed_20162_1fea9429a2.png,local_route
seed:20172,seed,20172,宋梅种子,ok,true,,5,seed,20172,1020172,Crop_172,33516,0,1,seed-catalog,/game-config/seed_images_named/Crop_172_Seed.png,images/seed_20172_983db2eb3f.png,local_route
seed:20174,seed,20174,晚香玉种子,ok,true,,5,seed,20174,1020174,Crop_174,4680,0,1,seed-catalog,/game-config/seed_images_named/Crop_174_Seed.png,images/seed_20174_c0bee887dc.png,local_route
seed:20182,seed,20182,艳蝶兰种子,ok,true,,5,seed,20182,1020182,Crop_182,5274,0,1,seed-catalog,/game-config/seed_images_named/Crop_182_Seed.png,images/seed_20182_f39a6103e8.png,local_route
seed:20184,seed,20184,卡特兰种子,ok,true,,5,seed,20184,1020184,Crop_184,1000,0,1,seed-catalog,/game-config/seed_images_named/Crop_184_Seed.png,images/seed_20184_9e206647df.png,local_route
seed:20187,seed,20187,君子兰种子,ok,true,,5,seed,20187,1020187,Crop_187,5586,0,1,seed-catalog,/game-config/seed_images_named/Crop_187_Seed.png,images/seed_20187_4614675982.png,local_route
seed:20188,seed,20188,文殊兰种子,ok,true,,5,seed,20188,1020188,Crop_188,4968,0,1,seed-catalog,/game-config/seed_images_named/Crop_188_Seed.png,images/seed_20188_8468f975e4.png,local_route
seed:20193,seed,20193,红云飞片种子,ok,true,,5,seed,20193,1020193,Crop_193,1000,0,1,seed-catalog,/game-config/seed_images_named/Crop_193_Seed.png,images/seed_20193_8a68634861.png,local_route
seed:20201,seed,20201,天山雪莲种子,ok,true,,5,seed,20201,1020201,Crop_201,24732,0,1,seed-catalog,/game-config/seed_images_named/20201_%E5%A4%A9%E5%B1%B1%E9%9B%AA%E8%8E%B2_Crop_201_Seed.png,images/seed_20201_660af8705d.png,local_route
seed:20202,seed,20202,金边灵芝种子,ok,true,,5,seed,20202,1020202,Crop_202,8784,0,1,seed-catalog,/game-config/seed_images_named/20202_%E9%87%91%E8%BE%B9%E7%81%B5%E8%8A%9D_Crop_202_Seed.png,images/seed_20202_55b0936824.png,local_route
seed:20204,seed,20204,人参种子,ok,true,,5,seed,20204,1020204,Crop_204,9360,0,1,seed-catalog,/game-config/seed_images_named/20204_%E4%BA%BA%E5%8F%82_Crop_204_Seed.png,images/seed_20204_6332b0f760.png,local_route
seed:20218,seed,20218,瓶子树种子,ok,true,,5,seed,20218,1020218,Crop_218,2898,0,1,seed-catalog,/game-config/seed_images_named/20218_%E7%93%B6%E5%AD%90%E6%A0%91_Crop_218_Seed.png,images/seed_20218_101f6c45cd.png,local_route
seed:20220,seed,20220,猪笼草种子,ok,true,,5,seed,20220,1020220,Crop_220,8694,0,1,seed-catalog,/game-config/seed_images_named/20220_%E7%8C%AA%E7%AC%BC%E8%8D%89_Crop_220_Seed.png,images/seed_20220_216687d4d9.png,local_route
seed:20221,seed,20221,天堂鸟种子,ok,true,,5,seed,20221,1020221,Crop_221,18720,0,1,seed-catalog,/game-config/seed_images_named/20221_%E5%A4%A9%E5%A0%82%E9%B8%9F_Crop_221_Seed.png,images/seed_20221_6edfedcd11.png,local_route
seed:20222,seed,20222,豹皮花种子,ok,true,,5,seed,20222,1020222,Crop_222,6720,0,1,seed-catalog,/game-config/seed_images_named/20222_%E8%B1%B9%E7%9A%AE%E8%8A%B1_Crop_222_Seed.png,images/seed_20222_e969bcf5cd.png,local_route
seed:20224,seed,20224,昙花种子,ok,true,,5,seed,20224,1020224,Crop_224,2000,0,1,seed-catalog,/game-config/seed_images_named/Crop_224_Seed.png,images/seed_20224_4659707d1a.png,local_route
seed:20225,seed,20225,宝华玉兰种子,ok,true,,5,seed,20225,1020225,Crop_225,10548,0,1,seed-catalog,/game-config/seed_images_named/20225_%E5%AE%9D%E5%8D%8E%E7%8E%89%E5%85%B0_Crop_225_Seed.png,images/seed_20225_aff9131dbd.png,local_route
seed:20226,seed,20226,依米花种子,ok,true,,5,seed,20226,1020226,Crop_226,21600,0,1,seed-catalog,/game-config/seed_images_named/20226_%E4%BE%9D%E7%B1%B3%E8%8A%B1_Crop_226_Seed.png,images/seed_20226_43d8966b7e.png,local_route
seed:20227,seed,20227,大王花种子,ok,true,,5,seed,20227,1020227,Crop_227,7716,0,1,seed-catalog,/game-config/seed_images_named/20227_%E5%A4%A7%E7%8E%8B%E8%8A%B1_Crop_227_Seed.png,images/seed_20227_71ffc6b8aa.png,local_route
seed:20228,seed,20228,人参果种子,ok,true,,5,seed,20228,1020228,Crop_228,23148,0,1,seed-catalog,/game-config/seed_images_named/20228_%E4%BA%BA%E5%8F%82%E6%9E%9C_Crop_228_Seed.png,images/seed_20228_497ffff4bf.png,local_route
seed:20229,seed,20229,何首乌种子,ok,true,,5,seed,20229,1020229,Crop_229,26352,0,1,seed-catalog,/game-config/seed_images_named/20229_%E4%BD%95%E9%A6%96%E4%B9%8C_Crop_229_Seed.png,images/seed_20229_fd8d7c40e1.png,local_route
seed:20235,seed,20235,金花茶种子,ok,true,,5,seed,20235,1020235,Crop_235,8244,0,1,seed-catalog,/game-config/seed_images_named/20235_%E9%87%91%E8%8A%B1%E8%8C%B6_Crop_235_Seed.png,images/seed_20235_9544632197.png,local_route
seed:20242,seed,20242,似血杜鹃种子,ok,true,,5,seed,20242,1020242,Crop_242,28080,0,1,seed-catalog,/game-config/seed_images_named/20242_%E4%BC%BC%E8%A1%80%E6%9D%9C%E9%B9%83_Crop_242_Seed.png,images/seed_20242_fbc5ebb47d.png,local_route
seed:20249,seed,20249,荷包牡丹种子,ok,true,,5,seed,20249,1020249,Crop_249,2000,0,1,seed-catalog,/game-config/seed_images_named/Crop_249_Seed.png,images/seed_20249_fe5742dd23.png,local_route
seed:20256,seed,20256,石竹花种子,ok,true,,5,seed,20256,1020256,Crop_256,1000,0,1,seed-catalog,/game-config/seed_images_named/Crop_256_Seed.png,images/seed_20256_ae42f4bea4.png,local_route
seed:20257,seed,20257,孔雀草种子,ok,true,,5,seed,20257,1020257,Crop_257,2000,0,1,seed-catalog,/game-config/seed_images_named/Crop_257_Seed.png,images/seed_20257_96d7258134.png,local_route
seed:20258,seed,20258,欧石楠种子,ok,true,,5,seed,20258,1020258,Crop_258,2000,0,1,seed-catalog,/game-config/seed_images_named/Crop_258_Seed.png,images/seed_20258_c74debd8e6.png,local_route
seed:20259,seed,20259,银莲花种子,ok,true,,5,seed,20259,1020259,Crop_259,320,0,1,seed-catalog,/game-config/seed_images_named/20259_%E9%93%B6%E8%8E%B2%E8%8A%B1_Crop_259_Seed.png,images/seed_20259_e8c8619ba5.png,local_route
seed:20261,seed,20261,针垫花种子,ok,true,,5,seed,20261,1020261,Crop_261,1000,0,1,seed-catalog,/game-config/seed_images_named/Crop_261_Seed.png,images/seed_20261_1ef03a8af8.png,local_route
seed:20304,seed,20304,黄金果种子,ok,true,,5,seed,20304,1020304,Crop_304,2000,0,1,seed-catalog,/game-config/seed_images_named/Crop_304_Seed.png,images/seed_20304_daa1733fa4.png,local_route
seed:20305,seed,20305,韭菜种子,ok,true,,5,seed,20305,1020305,Crop_305,1920,0,1,seed-catalog,/game-config/seed_images_named/20305_%E9%9F%AD%E8%8F%9C_Crop_305_Seed.png,images/seed_20305_6cca191d4a.png,local_route
seed:20306,seed,20306,芹菜种子,ok,true,,5,seed,20306,1020306,Crop_306,2664,0,1,seed-catalog,/game-config/seed_images_named/20306_%E8%8A%B9%E8%8F%9C_Crop_306_Seed.png,images/seed_20306_11abd9fba0.png,local_route
seed:20308,seed,20308,核桃种子,ok,true,,5,seed,20308,1020308,Crop_308,1488,0,1,seed-catalog,/game-config/seed_images_named/20308_%E6%A0%B8%E6%A1%83_Crop_308_Seed.png,images/seed_20308_80c6aec510.png,local_route
seed:20396,seed,20396,迎春花种子,ok,true,,5,seed,20396,1020396,Crop_396,960,0,1,seed-catalog,/game-config/seed_images_named/20396_%E8%BF%8E%E6%98%A5%E8%8A%B1_Crop_396_Seed.png,images/seed_20396_3c5c398f8c.png,local_route
seed:20413,seed,20413,李子种子,ok,true,,5,seed,20413,1020413,Crop_413,6264,0,1,seed-catalog,/game-config/seed_images_named/20413_%E6%9D%8E%E5%AD%90_Crop_413_Seed.png,images/seed_20413_542a3aead5.png,local_route
seed:20416,seed,20416,哈哈南瓜种子,ok,true,,5,seed,20416,1020416,Crop_416,12000,0,1,seed-catalog,/game-config/seed_images_named/Crop_416_Seed.png,images/seed_20416_5fbd534ce6.png,local_route
seed:20442,seed,20442,睡莲种子,ok,true,,5,seed,20442,1020442,Crop_442,5742,0,1,seed-catalog,/game-config/seed_images_named/20442_%E7%9D%A1%E8%8E%B2_Crop_442_Seed.png,images/seed_20442_9acd0d7006.png,local_route
seed:21135,seed,21135,艾草种子,ok,true,,5,seed,21135,1021135,Crop_1135,1000,0,1,seed-catalog,/miniapp-assets-cache/fbecaa419fc21cdecf70d15a0789a2c537edc5ec.png,images/seed_21135_8bfff2c084.png,local_route
seed:21542,seed,21542,新春红包种子,ok,true,,5,seed,21542,1021542,Crop_1542,400,0,1,seed-catalog,/game-config/seed_images_named/21542_%E6%96%B0%E6%98%A5%E7%BA%A2%E5%8C%85_Crop_1542_Seed.png,images/seed_21542_a378ec6288.png,local_route
seed:29998,seed,29998,哈哈南瓜种子,ok,true,,5,seed,29998,1029998,Crop_9998,28080,0,1,seed-catalog,/game-config/seed_images_named/29998_%E5%93%88%E5%93%88%E5%8D%97%E7%93%9C_Crop_9998_Seed.png,images/seed_29998_06eac4701b.png,local_route
seed:29999,seed,29999,白萝卜种子,ok,true,,5,seed,29999,1029999,Crop_9999,0,0,1,seed-catalog,/game-config/seed_images_named/29999_%E7%99%BD%E8%90%9D%E5%8D%9C_Crop_2_Seed.png,images/seed_29999_de77ec1e62.png,local_route
seed:20016,seed,20016,菠萝蜜种子,ok,true,,5,seed,20016,1020016,Crop_16,4680,0,134,seed-catalog,/game-config/seed_images_named/20016_%E8%8F%A0%E8%90%9D%E8%9C%9C_Crop_16_Seed.png,images/seed_20016_e61d93343e.png,local_route
plant:1020001,plant,1020001,草莓,ok,true,,,plant,20001,1020001,Crop_1,0,0,1,Plant,/game-config/seed_images_named/20001_%E8%8D%89%E8%8E%93_Crop_1_Seed.png,images/plant_1020001_62bada5173.png,local_route
plant:1020002,plant,1020002,白萝卜,ok,true,,,plant,20002,1020002,Crop_2,0,0,1,Plant,/game-config/seed_images_named/20002_%E7%99%BD%E8%90%9D%E5%8D%9C_Crop_2_Seed%20-%20.png,images/plant_1020002_020a806a7e.png,local_route
plant:1020003,plant,1020003,胡萝卜,ok,true,,,plant,20003,1020003,Crop_3,0,0,1,Plant,/game-config/seed_images_named/20003_%E8%83%A1%E8%90%9D%E5%8D%9C_Crop_3_Seed.png,images/plant_1020003_3bd7efa1a2.png,local_route
plant:1020004,plant,1020004,玉米,ok,true,,,plant,20004,1020004,Crop_4,0,0,1,Plant,/game-config/seed_images_named/20004_%E7%8E%89%E7%B1%B3_Crop_4_Seed.png,images/plant_1020004_d2c23522d4.png,local_route
plant:1020005,plant,1020005,土豆,ok,true,,,plant,20005,1020005,Crop_5,0,0,1,Plant,/game-config/seed_images_named/20005_%E5%9C%9F%E8%B1%86_Crop_5_Seed.png,images/plant_1020005_1a908e26cf.png,local_route
plant:1020006,plant,1020006,茄子,ok,true,,,plant,20006,1020006,Crop_6,0,0,1,Plant,/game-config/seed_images_named/20006_%E8%8C%84%E5%AD%90_Crop_6_Seed.png,images/plant_1020006_4015d15bf2.png,local_route
plant:1020007,plant,1020007,番茄,ok,true,,,plant,20007,1020007,Crop_7,0,0,1,Plant,/game-config/seed_images_named/20007_%E7%95%AA%E8%8C%84_Crop_7_Seed.png,images/plant_1020007_bb601ff4dd.png,local_route
plant:1020008,plant,1020008,豌豆,ok,true,,,plant,20008,1020008,Crop_8,0,0,1,Plant,/game-config/seed_images_named/20008_%E8%B1%8C%E8%B1%86_Crop_8_Seed.png,images/plant_1020008_f7ade8bb60.png,local_route
plant:1020009,plant,1020009,辣椒,ok,true,,,plant,20009,1020009,Crop_9,0,0,1,Plant,/game-config/seed_images_named/20009_%E8%BE%A3%E6%A4%92_Crop_9_Seed.png,images/plant_1020009_66dfe1d44b.png,local_route
plant:1020010,plant,1020010,南瓜,ok,true,,,plant,20010,1020010,Crop_10,0,0,1,Plant,/game-config/seed_images_named/20010_%E5%8D%97%E7%93%9C_Crop_10_Seed.png,images/plant_1020010_0a52b3c97c.png,local_route
plant:1020011,plant,1020011,苹果,ok,true,,,plant,20011,1020011,Crop_11,0,0,1,Plant,/game-config/seed_images_named/20011_%E8%8B%B9%E6%9E%9C_Crop_11_Seed.png,images/plant_1020011_4564c1b628.png,local_route
plant:1020013,plant,1020013,葡萄,ok,true,,,plant,20013,1020013,Crop_13,0,0,1,Plant,/game-config/seed_images_named/20013_%E8%91%A1%E8%90%84_Crop_13_Seed.png,images/plant_1020013_48362af46f.png,local_route
plant:1020014,plant,1020014,西瓜,ok,true,,,plant,20014,1020014,Crop_14,0,0,1,Plant,/game-config/seed_images_named/20014_%E8%A5%BF%E7%93%9C_Crop_14_Seed.png,images/plant_1020014_2fbbe0edb0.png,local_route
plant:1020015,plant,1020015,香蕉,ok,true,,,plant,20015,1020015,Crop_15,0,0,1,Plant,/game-config/seed_images_named/20015_%E9%A6%99%E8%95%89_Crop_15_Seed.png,images/plant_1020015_40937a2946.png,local_route
plant:1020016,plant,1020016,菠萝蜜,ok,true,,,plant,20016,1020016,Crop_16,0,0,134,Plant,/game-config/seed_images_named/20016_%E8%8F%A0%E8%90%9D%E8%9C%9C_Crop_16_Seed.png,images/plant_1020016_e61d93343e.png,local_route
plant:1020018,plant,1020018,桃子,ok,true,,,plant,20018,1020018,Crop_18,0,0,1,Plant,/game-config/seed_images_named/20018_%E6%A1%83%E5%AD%90_Crop_18_Seed.png,images/plant_1020018_007c28e813.png,local_route
plant:1020019,plant,1020019,橙子,ok,true,,,plant,20019,1020019,Crop_19,0,0,1,Plant,/game-config/seed_images_named/20019_%E6%A9%99%E5%AD%90_Crop_19_Seed.png,images/plant_1020019_51526ac5b1.png,local_route
plant:1020022,plant,1020022,鳄梨,ok,true,,,plant,20022,1020022,Crop_22,0,0,1,Plant,/game-config/seed_images_named/20022_%E9%B3%84%E6%A2%A8_Crop_22_Seed.png,images/plant_1020022_b323b80a65.png,local_route
plant:1020023,plant,1020023,石榴,ok,true,,,plant,20023,1020023,Crop_23,0,0,1,Plant,/game-config/seed_images_named/20023_%E7%9F%B3%E6%A6%B4_Crop_23_Seed.png,images/plant_1020023_4e19aa8794.png,local_route
plant:1020025,plant,1020025,银杏树苗,ok,true,,,plant,20025,1020025,Crop_25,0,0,1,Plant,/game-config/seed_images_named/Crop_25_Seed.png,images/plant_1020025_60d32f550f.png,local_route
plant:1020026,plant,1020026,柚子,ok,true,,,plant,20026,1020026,Crop_26,0,0,1,Plant,/game-config/seed_images_named/20026_%E6%9F%9A%E5%AD%90_Crop_26_Seed.png,images/plant_1020026_32c3ea8f86.png,local_route
plant:1020027,plant,1020027,菠萝,ok,true,,,plant,20027,1020027,Crop_27,0,0,1,Plant,/game-config/seed_images_named/20027_%E8%8F%A0%E8%90%9D_Crop_27_Seed.png,images/plant_1020027_385d836852.png,local_route
plant:1020029,plant,1020029,椰子,ok,true,,,plant,20029,1020029,Crop_29,0,0,1,Plant,/game-config/seed_images_named/20029_%E6%A4%B0%E5%AD%90_Crop_29_Seed.png,images/plant_1020029_7b2f76f4ed.png,local_route
plant:1020031,plant,1020031,葫芦,ok,true,,,plant,20031,1020031,Crop_31,0,0,1,Plant,/game-config/seed_images_named/20031_%E8%91%AB%E8%8A%A6_Crop_31_Seed.png,images/plant_1020031_d4d80097e5.png,local_route
plant:1020033,plant,1020033,火龙果,ok,true,,,plant,20033,1020033,Crop_33,0,0,1,Plant,/game-config/seed_images_named/20033_%E7%81%AB%E9%BE%99%E6%9E%9C_Crop_33_Seed.png,images/plant_1020033_a7c5e2cc3e.png,local_route
plant:1020034,plant,1020034,樱桃,ok,true,,,plant,20034,1020034,Crop_34,0,0,1,Plant,/game-config/seed_images_named/20034_%E6%A8%B1%E6%A1%83_Crop_34_Seed.png,images/plant_1020034_3b821fc886.png,local_route
plant:1020035,plant,1020035,荔枝,ok,true,,,plant,20035,1020035,Crop_35,0,0,1,Plant,/game-config/seed_images_named/20035_%E8%8D%94%E6%9E%9D_Crop_35_Seed.png,images/plant_1020035_3df14d0d82.png,local_route
plant:1020036,plant,1020036,箬竹,ok,true,,,plant,20036,1020036,Crop_36,0,0,1,Plant,/game-config/seed_images_named/20036_%E7%AE%AC%E7%AB%B9_Crop_36_Seed.png,images/plant_1020036_f60ea269b7.png,local_route
plant:1020037,plant,1020037,莲藕,ok,true,,,plant,20037,1020037,Crop_37,0,0,1,Plant,/game-config/seed_images_named/20037_%E8%8E%B2%E8%97%95_Crop_37_Seed.png,images/plant_1020037_885c9dd87a.png,local_route
plant:1020038,plant,1020038,木瓜,ok,true,,,plant,20038,1020038,Crop_38,0,0,1,Plant,/game-config/seed_images_named/20038_%E6%9C%A8%E7%93%9C_Crop_38_Seed.png,images/plant_1020038_cfc63597f8.png,local_route
plant:1020039,plant,1020039,杨桃,ok,true,,,plant,20039,1020039,Crop_39,0,0,1,Plant,/game-config/seed_images_named/20039_%E6%9D%A8%E6%A1%83_Crop_39_Seed.png,images/plant_1020039_25fd32c892.png,local_route
plant:1020041,plant,1020041,红玫瑰,ok,true,,,plant,20041,1020041,Crop_41,0,0,1,Plant,/game-config/seed_images_named/20041_%E7%BA%A2%E7%8E%AB%E7%91%B0_Crop_41_Seed.png,images/plant_1020041_0172c99ffd.png,local_route
plant:1020042,plant,1020042,柠檬,ok,true,,,plant,20042,1020042,Crop_42,0,0,1,Plant,/game-config/seed_images_named/20042_%E6%9F%A0%E6%AA%AC_Crop_42_Seed.png,images/plant_1020042_2f4ebf0e68.png,local_route
plant:1020043,plant,1020043,无花果,ok,true,,,plant,20043,1020043,Crop_43,0,0,1,Plant,/game-config/seed_images_named/20043_%E6%97%A0%E8%8A%B1%E6%9E%9C_Crop_43_Seed.png,images/plant_1020043_1a439103c3.png,local_route
plant:1020044,plant,1020044,丝瓜,ok,true,,,plant,20044,1020044,Crop_44,0,0,1,Plant,/game-config/seed_images_named/20044_%E4%B8%9D%E7%93%9C_Crop_44_Seed.png,images/plant_1020044_9643028541.png,local_route
plant:1020045,plant,1020045,猕猴桃,ok,true,,,plant,20045,1020045,Crop_45,0,0,1,Plant,/game-config/seed_images_named/20045_%E7%8C%95%E7%8C%B4%E6%A1%83_Crop_45_Seed.png,images/plant_1020045_0533b867f5.png,local_route
plant:1020046,plant,1020046,爱心果,ok,true,,,plant,20046,1020046,Crop_46,0,0,1,Plant,/game-config/seed_images_named/Crop_46_Seed.png,images/plant_1020046_28e60201ad.png,local_route
plant:1020047,plant,1020047,甘蔗,ok,true,,,plant,20047,1020047,Crop_47,0,0,1,Plant,/game-config/seed_images_named/20047_%E7%94%98%E8%94%97_Crop_47_Seed.png,images/plant_1020047_09f36bf51e.png,local_route
plant:1020048,plant,1020048,杨梅,ok,true,,,plant,20048,1020048,Crop_48,0,0,1,Plant,/game-config/seed_images_named/20048_%E6%9D%A8%E6%A2%85_Crop_48_Seed.png,images/plant_1020048_cdb275d99c.png,local_route
plant:1020049,plant,1020049,花生,ok,true,,,plant,20049,1020049,Crop_49,0,0,1,Plant,/game-config/seed_images_named/20049_%E8%8A%B1%E7%94%9F_Crop_49_Seed.png,images/plant_1020049_d55d448757.png,local_route
plant:1020050,plant,1020050,蘑菇,ok,true,,,plant,20050,1020050,Crop_50,0,0,1,Plant,/game-config/seed_images_named/20050_%E8%98%91%E8%8F%87_Crop_50_Seed.png,images/plant_1020050_375179c037.png,local_route
plant:1020051,plant,1020051,红枣,ok,true,,,plant,20051,1020051,Crop_51,0,0,1,Plant,/game-config/seed_images_named/20051_%E7%BA%A2%E6%9E%A3_Crop_51_Seed.png,images/plant_1020051_b4d538afdb.png,local_route
plant:1020052,plant,1020052,金针菇,ok,true,,,plant,20052,1020052,Crop_52,0,0,1,Plant,/game-config/seed_images_named/20052_%E9%87%91%E9%92%88%E8%8F%87_Crop_52_Seed.png,images/plant_1020052_7204d0ba15.png,local_route
plant:1020053,plant,1020053,桂圆,ok,true,,,plant,20053,1020053,Crop_53,0,0,1,Plant,/game-config/seed_images_named/20053_%E6%A1%82%E5%9C%86_Crop_53_Seed.png,images/plant_1020053_dc2a51be99.png,local_route
plant:1020054,plant,1020054,梨,ok,true,,,plant,20054,1020054,Crop_54,0,0,1,Plant,/game-config/seed_images_named/20054_%E6%A2%A8_Crop_54_Seed.png,images/plant_1020054_cb24215752.png,local_route
plant:1020055,plant,1020055,枇杷,ok,true,,,plant,20055,1020055,Crop_55,0,0,1,Plant,/game-config/seed_images_named/20055_%E6%9E%87%E6%9D%B7_Crop_55_Seed.png,images/plant_1020055_c3415dfa4e.png,local_route
plant:1020056,plant,1020056,哈密瓜,ok,true,,,plant,20056,1020056,Crop_56,0,0,1,Plant,/game-config/seed_images_named/20056_%E5%93%88%E5%AF%86%E7%93%9C_Crop_56_Seed.png,images/plant_1020056_4aa97eb42c.png,local_route
plant:1020057,plant,1020057,芒果,ok,true,,,plant,20057,1020057,Crop_57,0,0,1,Plant,/game-config/seed_images_named/20057_%E8%8A%92%E6%9E%9C_Crop_57_Seed.png,images/plant_1020057_6ef7b5dcd8.png,local_route
plant:1020058,plant,1020058,榴莲,ok,true,,,plant,20058,1020058,Crop_58,0,0,1,Plant,/game-config/seed_images_named/20058_%E6%A6%B4%E8%8E%B2_Crop_58_Seed.png,images/plant_1020058_e0ea4bc6b1.png,local_route
plant:1020059,plant,1020059,大白菜,ok,true,,,plant,20059,1020059,Crop_59,0,0,1,Plant,/game-config/seed_images_named/20059_%E5%A4%A7%E7%99%BD%E8%8F%9C_Crop_59_Seed.png,images/plant_1020059_83aaa753f0.png,local_route
plant:1020060,plant,1020060,水稻,ok,true,,,plant,20060,1020060,Crop_60,0,0,1,Plant,/game-config/seed_images_named/20060_%E6%B0%B4%E7%A8%BB_Crop_60_Seed.png,images/plant_1020060_21022d1b9d.png,local_route
plant:1020061,plant,1020061,小麦,ok,true,,,plant,20061,1020061,Crop_61,0,0,1,Plant,/game-config/seed_images_named/20061_%E5%B0%8F%E9%BA%A6_Crop_61_Seed.png,images/plant_1020061_e46795ffa2.png,local_route
plant:1020062,plant,1020062,四叶草,ok,true,,,plant,20062,1020062,Crop_62,0,0,1,Plant,/game-config/seed_images_named/20062_%E5%9B%9B%E5%8F%B6%E8%8D%89_Crop_62_Seed.png,images/plant_1020062_0941b20526.png,local_route
plant:1020063,plant,1020063,苦瓜,ok,true,,,plant,20063,1020063,Crop_63,0,0,1,Plant,/game-config/seed_images_named/20063_%E8%8B%A6%E7%93%9C_Crop_63_Seed.png,images/plant_1020063_1889acb3de.png,local_route
plant:1020064,plant,1020064,大葱,ok,true,,,plant,20064,1020064,Crop_64,0,0,1,Plant,/game-config/seed_images_named/20064_%E5%A4%A7%E8%91%B1_Crop_64_Seed.png,images/plant_1020064_ccf9bd1361.png,local_route
plant:1020065,plant,1020065,大蒜,ok,true,,,plant,20065,1020065,Crop_65,0,0,1,Plant,/game-config/seed_images_named/20065_%E5%A4%A7%E8%92%9C_Crop_65_Seed.png,images/plant_1020065_052e82eac1.png,local_route
plant:1020066,plant,1020066,鲜姜,ok,true,,,plant,20066,1020066,Crop_66,0,0,1,Plant,/game-config/seed_images_named/20066_%E9%B2%9C%E5%A7%9C_Crop_66_Seed.png,images/plant_1020066_6738fee47b.png,local_route
plant:1020067,plant,1020067,香瓜,ok,true,,,plant,20067,1020067,Crop_67,0,0,1,Plant,/game-config/seed_images_named/20067_%E9%A6%99%E7%93%9C_Crop_67_Seed.png,images/plant_1020067_832711694b.png,local_route
plant:1020068,plant,1020068,冬瓜,ok,true,,,plant,20068,1020068,Crop_68,0,0,1,Plant,/game-config/seed_images_named/20068_%E5%86%AC%E7%93%9C_Crop_68_Seed.png,images/plant_1020068_764e17d40b.png,local_route
plant:1020069,plant,1020069,莴笋,ok,true,,,plant,20069,1020069,Crop_69,0,0,1,Plant,/game-config/seed_images_named/Crop_69_Seed.png,images/plant_1020069_cf6336913e.png,local_route
plant:1020070,plant,1020070,黄豆,ok,true,,,plant,20070,1020070,Crop_70,0,0,1,Plant,/game-config/seed_images_named/20070_%E9%BB%84%E8%B1%86_Crop_70_Seed.png,images/plant_1020070_9be0d86f04.png,local_route
plant:1020071,plant,1020071,小白菜,ok,true,,,plant,20071,1020071,Crop_71,0,0,1,Plant,/game-config/seed_images_named/20071_%E5%B0%8F%E7%99%BD%E8%8F%9C_Crop_71_Seed.png,images/plant_1020071_6a95fe7245.png,local_route
plant:1020072,plant,1020072,榛子,ok,true,,,plant,20072,1020072,Crop_72,0,0,1,Plant,/game-config/seed_images_named/20072_%E6%A6%9B%E5%AD%90_Crop_72_Seed.png,images/plant_1020072_aa89a6f508.png,local_route
plant:1020073,plant,1020073,菠菜,ok,true,,,plant,20073,1020073,Crop_73,0,0,1,Plant,/game-config/seed_images_named/20073_%E8%8F%A0%E8%8F%9C_Crop_73_Seed.png,images/plant_1020073_9030e6c2d5.png,local_route
plant:1020074,plant,1020074,金桔,ok,true,,,plant,20074,1020074,Crop_74,0,0,1,Plant,/game-config/seed_images_named/20074_%E9%87%91%E6%A1%94_Crop_74_Seed.png,images/plant_1020074_5b9b25a0de.png,local_route
plant:1020075,plant,1020075,桑葚,ok,true,,,plant,20075,1020075,Crop_75,0,0,1,Plant,/game-config/seed_images_named/20075_%E6%A1%91%E8%91%9A_Crop_75_Seed.png,images/plant_1020075_f79b06b8f0.png,local_route
plant:1020076,plant,1020076,山竹,ok,true,,,plant,20076,1020076,Crop_76,0,0,1,Plant,/game-config/seed_images_named/20076_%E5%B1%B1%E7%AB%B9_Crop_76_Seed.png,images/plant_1020076_ef4eff90a6.png,local_route
plant:1020077,plant,1020077,蓝莓,ok,true,,,plant,20077,1020077,Crop_77,0,0,1,Plant,/game-config/seed_images_named/20077_%E8%93%9D%E8%8E%93_Crop_77_Seed.png,images/plant_1020077_c433d04753.png,local_route
plant:1020078,plant,1020078,杏子,ok,true,,,plant,20078,1020078,Crop_78,0,0,1,Plant,/game-config/seed_images_named/20078_%E6%9D%8F%E5%AD%90_Crop_78_Seed.png,images/plant_1020078_f9c5bc0774.png,local_route
plant:1020079,plant,1020079,番石榴,ok,true,,,plant,20079,1020079,Crop_79,0,0,1,Plant,/game-config/seed_images_named/20079_%E7%95%AA%E7%9F%B3%E6%A6%B4_Crop_79_Seed.png,images/plant_1020079_a7401cfb50.png,local_route
plant:1020080,plant,1020080,月柿,ok,true,,,plant,20080,1020080,Crop_80,0,0,1,Plant,/game-config/seed_images_named/20080_%E6%9C%88%E6%9F%BF_Crop_80_Seed.png,images/plant_1020080_8c9f1ccefd.png,local_route
plant:1020083,plant,1020083,红毛丹,ok,true,,,plant,20083,1020083,Crop_83,0,0,1,Plant,/game-config/seed_images_named/20083_%E7%BA%A2%E6%AF%9B%E4%B8%B9_Crop_83_Seed.png,images/plant_1020083_8d74da6e64.png,local_route
plant:1020084,plant,1020084,芭蕉,ok,true,,,plant,20084,1020084,Crop_84,0,0,1,Plant,/game-config/seed_images_named/20084_%E8%8A%AD%E8%95%89_Crop_84_Seed.png,images/plant_1020084_2aae56b526.png,local_route
plant:1020085,plant,1020085,番荔枝,ok,true,,,plant,20085,1020085,Crop_85,0,0,1,Plant,/game-config/seed_images_named/20085_%E7%95%AA%E8%8D%94%E6%9E%9D_Crop_85_Seed.png,images/plant_1020085_92397f6f0a.png,local_route
plant:1020086,plant,1020086,橄榄,ok,true,,,plant,20086,1020086,Crop_86,0,0,1,Plant,/game-config/seed_images_named/20086_%E6%A9%84%E6%A6%84_Crop_86_Seed.png,images/plant_1020086_e3690ccf80.png,local_route
plant:1020087,plant,1020087,百香果,ok,true,,,plant,20087,1020087,Crop_87,0,0,1,Plant,/game-config/seed_images_named/20087_%E7%99%BE%E9%A6%99%E6%9E%9C_Crop_87_Seed.png,images/plant_1020087_2062661844.png,local_route
plant:1020088,plant,1020088,灯笼果,ok,true,,,plant,20088,1020088,Crop_88,0,0,1,Plant,/game-config/seed_images_named/20088_%E7%81%AF%E7%AC%BC%E6%9E%9C_Crop_88_Seed.png,images/plant_1020088_a18f9ccc50.png,local_route
plant:1020089,plant,1020089,芦荟,ok,true,,,plant,20089,1020089,Crop_89,0,0,1,Plant,/game-config/seed_images_named/20089_%E8%8A%A6%E8%8D%9F_Crop_89_Seed.png,images/plant_1020089_b31f08f257.png,local_route
plant:1020090,plant,1020090,薄荷,ok,true,,,plant,20090,1020090,Crop_90,0,0,1,Plant,/game-config/seed_images_named/20090_%E8%96%84%E8%8D%B7_Crop_90_Seed.png,images/plant_1020090_18a30c0df8.png,local_route
plant:1020091,plant,1020091,山楂,ok,true,,,plant,20091,1020091,Crop_91,0,0,1,Plant,/game-config/seed_images_named/20091_%E5%B1%B1%E6%A5%82_Crop_91_Seed.png,images/plant_1020091_3c6cb318bd.png,local_route
plant:1020095,plant,1020095,栗子,ok,true,,,plant,20095,1020095,Crop_95,0,0,1,Plant,/game-config/seed_images_named/20095_%E6%A0%97%E5%AD%90_Crop_95_Seed.png,images/plant_1020095_aed5642a27.png,local_route
plant:1020096,plant,1020096,生菜,ok,true,,,plant,20096,1020096,Crop_96,0,0,1,Plant,/game-config/seed_images_named/20096_%E7%94%9F%E8%8F%9C_Crop_96_Seed.png,images/plant_1020096_ae397f6c13.png,local_route
plant:1020097,plant,1020097,黄瓜,ok,true,,,plant,20097,1020097,Crop_97,0,0,1,Plant,/game-config/seed_images_named/20097_%E9%BB%84%E7%93%9C_Crop_97_Seed.png,images/plant_1020097_f2e0f5f697.png,local_route
plant:1020098,plant,1020098,花菜,ok,true,,,plant,20098,1020098,Crop_98,0,0,1,Plant,/game-config/seed_images_named/20098_%E8%8A%B1%E8%8F%9C_Crop_98_Seed.png,images/plant_1020098_e66d03c843.png,local_route
plant:1020099,plant,1020099,油菜,ok,true,,,plant,20099,1020099,Crop_99,0,0,1,Plant,/game-config/seed_images_named/20099_%E6%B2%B9%E8%8F%9C_Crop_99_Seed.png,images/plant_1020099_0c26111f10.png,local_route
plant:1020100,plant,1020100,竹笋,ok,true,,,plant,20100,1020100,Crop_100,0,0,1,Plant,/game-config/seed_images_named/20100_%E7%AB%B9%E7%AC%8B_Crop_100_Seed.png,images/plant_1020100_b9349fc1e9.png,local_route
plant:1020101,plant,1020101,薰衣草,ok,true,,,plant,20101,1020101,Crop_101,0,0,1,Plant,/game-config/seed_images_named/Crop_101_Seed.png,images/plant_1020101_6ba80b189c.png,local_route
plant:1020102,plant,1020102,马蹄莲,ok,true,,,plant,20102,1020102,Crop_102,0,0,1,Plant,/game-config/seed_images_named/Crop_102_Seed.png,images/plant_1020102_fb9132d3d1.png,local_route
plant:1020103,plant,1020103,天香百合,ok,true,,,plant,20103,1020103,Crop_103,0,0,1,Plant,/game-config/seed_images_named/20103_%E5%A4%A9%E9%A6%99%E7%99%BE%E5%90%88_Crop_103_Seed.png,images/plant_1020103_0140c36920.png,local_route
plant:1020104,plant,1020104,非洲菊,ok,true,,,plant,20104,1020104,Crop_104,0,0,1,Plant,/game-config/seed_images_named/20104_%E9%9D%9E%E6%B4%B2%E8%8F%8A_Crop_104_Seed.png,images/plant_1020104_a202d8cf42.png,local_route
plant:1020105,plant,1020105,小雏菊,ok,true,,,plant,20105,1020105,Crop_105,0,0,1,Plant,/game-config/seed_images_named/20105_%E5%B0%8F%E9%9B%8F%E8%8F%8A_Crop_105_Seed.png,images/plant_1020105_a337d45de8.png,local_route
plant:1020106,plant,1020106,郁金香,ok,true,,,plant,20106,1020106,Crop_106,0,0,1,Plant,/game-config/seed_images_named/Crop_106_Seed.png,images/plant_1020106_d22bab24f9.png,local_route
plant:1020109,plant,1020109,蝴蝶兰,ok,true,,,plant,20109,1020109,Crop_109,0,0,1,Plant,/game-config/seed_images_named/Crop_109_Seed.png,images/plant_1020109_707441d514.png,local_route
plant:1020110,plant,1020110,满天星,ok,true,,,plant,20110,1020110,Crop_110,0,0,1,Plant,/game-config/seed_images_named/20110_%E6%BB%A1%E5%A4%A9%E6%98%9F_Crop_110_Seed.png,images/plant_1020110_499b65e457.png,local_route
plant:1020112,plant,1020112,风信子,ok,true,,,plant,20112,1020112,Crop_112,0,0,1,Plant,/game-config/seed_images_named/Crop_112_Seed.png,images/plant_1020112_3cec86e3b7.png,local_route
plant:1020115,plant,1020115,兰花,ok,true,,,plant,20115,1020115,Crop_115,0,0,1,Plant,/game-config/seed_images_named/Crop_115_Seed.png,images/plant_1020115_ef8e7a4021.png,local_route
plant:1020116,plant,1020116,曼陀罗华,ok,true,,,plant,20116,1020116,Crop_116,0,0,1,Plant,/game-config/seed_images_named/20116_%E6%9B%BC%E9%99%80%E7%BD%97%E5%8D%8E_Crop_116_Seed.png,images/plant_1020116_38e0e20565.png,local_route
plant:1020120,plant,1020120,蒲公英,ok,true,,,plant,20120,1020120,Crop_120,0,0,1,Plant,/game-config/seed_images_named/20120_%E8%92%B2%E5%85%AC%E8%8B%B1_Crop_120_Seed.png,images/plant_1020120_aa0ecf7cc0.png,local_route
plant:1020121,plant,1020121,蔷薇,ok,true,,,plant,20121,1020121,Crop_121,0,0,1,Plant,/game-config/seed_images_named/Crop_121_Seed.png,images/plant_1020121_c0878207b0.png,local_route
plant:1020124,plant,1020124,月季花,ok,true,,,plant,20124,1020124,Crop_124,0,0,1,Plant,/game-config/seed_images_named/Crop_124_Seed.png,images/plant_1020124_a89230a533.png,local_route
plant:1020126,plant,1020126,曼珠沙华,ok,true,,,plant,20126,1020126,Crop_126,0,0,1,Plant,/game-config/seed_images_named/20126_%E6%9B%BC%E7%8F%A0%E6%B2%99%E5%8D%8E_Crop_126_Seed.png,images/plant_1020126_9730e76031.png,local_route
plant:1020128,plant,1020128,茉莉花,ok,true,,,plant,20128,1020128,Crop_128,0,0,1,Plant,/game-config/seed_images_named/20128_%E8%8C%89%E8%8E%89%E8%8A%B1_Crop_128_Seed.png,images/plant_1020128_e8235f49ab.png,local_route
plant:1020131,plant,1020131,六月雪,ok,true,,,plant,20131,1020131,Crop_131,0,0,1,Plant,/game-config/seed_images_named/Crop_131_Seed.png,images/plant_1020131_c659e0166c.png,local_route
plant:1020132,plant,1020132,蓝铃花,ok,true,,,plant,20132,1020132,Crop_132,0,0,1,Plant,/game-config/seed_images_named/Crop_132_Seed.png,images/plant_1020132_8cf0f194e8.png,local_route
plant:1020135,plant,1020135,火绒草,ok,true,,,plant,20135,1020135,Crop_135,0,0,1,Plant,/game-config/seed_images_named/20135_%E7%81%AB%E7%BB%92%E8%8D%89_Crop_135_Seed.png,images/plant_1020135_d21b5cbfdb.png,local_route
plant:1020141,plant,1020141,花香根鸢尾,ok,true,,,plant,20141,1020141,Crop_141,0,0,1,Plant,/game-config/seed_images_named/20141_%E8%8A%B1%E9%A6%99%E6%A0%B9%E9%B8%A2%E5%B0%BE_Crop_141_Seed.png,images/plant_1020141_479074f203.png,local_route
plant:1020142,plant,1020142,虞美人,ok,true,,,plant,20142,1020142,Crop_142,0,0,1,Plant,/game-config/seed_images_named/20142_%E8%99%9E%E7%BE%8E%E4%BA%BA_Crop_142_Seed.png,images/plant_1020142_f4ecb22684.png,local_route
plant:1020143,plant,1020143,含羞草,ok,true,,,plant,20143,1020143,Crop_143,0,0,1,Plant,/game-config/seed_images_named/20143_%E5%90%AB%E7%BE%9E%E8%8D%89_Crop_143_Seed.png,images/plant_1020143_1b3ba73526.png,local_route
plant:1020145,plant,1020145,向日葵,ok,true,,,plant,20145,1020145,Crop_145,0,0,1,Plant,/game-config/seed_images_named/20145_%E5%90%91%E6%97%A5%E8%91%B5_Crop_145_Seed.png,images/plant_1020145_afab0be6da.png,local_route
plant:1020147,plant,1020147,牵牛花,ok,true,,,plant,20147,1020147,Crop_147,0,0,1,Plant,/game-config/seed_images_named/20147_%E7%89%B5%E7%89%9B%E8%8A%B1_Crop_147_Seed.png,images/plant_1020147_175226b783.png,local_route
plant:1020161,plant,1020161,秋菊（黄色）,ok,true,,,plant,20161,1020161,Crop_161,0,0,1,Plant,/game-config/seed_images_named/20161_%E7%A7%8B%E8%8F%8A%EF%BC%88%E9%BB%84%E8%89%B2%EF%BC%89_Crop_161_Seed.png,images/plant_1020161_6c3cba847a.png,local_route
plant:1020162,plant,1020162,秋菊（红色）,ok,true,,,plant,20162,1020162,Crop_162,0,0,1,Plant,/game-config/seed_images_named/20162_%E7%A7%8B%E8%8F%8A%EF%BC%88%E7%BA%A2%E8%89%B2%EF%BC%89_Crop_162_Seed.png,images/plant_1020162_1fea9429a2.png,local_route
plant:1020172,plant,1020172,宋梅,ok,true,,,plant,20172,1020172,Crop_172,0,0,1,Plant,/game-config/seed_images_named/Crop_172_Seed.png,images/plant_1020172_983db2eb3f.png,local_route
plant:1020174,plant,1020174,晚香玉,ok,true,,,plant,20174,1020174,Crop_174,0,0,1,Plant,/game-config/seed_images_named/Crop_174_Seed.png,images/plant_1020174_c0bee887dc.png,local_route
plant:1020182,plant,1020182,艳蝶兰,ok,true,,,plant,20182,1020182,Crop_182,0,0,1,Plant,/game-config/seed_images_named/Crop_182_Seed.png,images/plant_1020182_f39a6103e8.png,local_route
plant:1020184,plant,1020184,卡特兰,ok,true,,,plant,20184,1020184,Crop_184,0,0,1,Plant,/game-config/seed_images_named/Crop_184_Seed.png,images/plant_1020184_9e206647df.png,local_route
plant:1020187,plant,1020187,君子兰,ok,true,,,plant,20187,1020187,Crop_187,0,0,1,Plant,/game-config/seed_images_named/Crop_187_Seed.png,images/plant_1020187_4614675982.png,local_route
plant:1020188,plant,1020188,文殊兰,ok,true,,,plant,20188,1020188,Crop_188,0,0,1,Plant,/game-config/seed_images_named/Crop_188_Seed.png,images/plant_1020188_8468f975e4.png,local_route
plant:1020193,plant,1020193,红云飞片,ok,true,,,plant,20193,1020193,Crop_193,0,0,1,Plant,/game-config/seed_images_named/Crop_193_Seed.png,images/plant_1020193_8a68634861.png,local_route
plant:1020201,plant,1020201,天山雪莲,ok,true,,,plant,20201,1020201,Crop_201,0,0,1,Plant,/game-config/seed_images_named/20201_%E5%A4%A9%E5%B1%B1%E9%9B%AA%E8%8E%B2_Crop_201_Seed.png,images/plant_1020201_660af8705d.png,local_route
plant:1020202,plant,1020202,金边灵芝,ok,true,,,plant,20202,1020202,Crop_202,0,0,1,Plant,/game-config/seed_images_named/20202_%E9%87%91%E8%BE%B9%E7%81%B5%E8%8A%9D_Crop_202_Seed.png,images/plant_1020202_55b0936824.png,local_route
plant:1020204,plant,1020204,人参,ok,true,,,plant,20204,1020204,Crop_204,0,0,1,Plant,/game-config/seed_images_named/20204_%E4%BA%BA%E5%8F%82_Crop_204_Seed.png,images/plant_1020204_6332b0f760.png,local_route
plant:1020218,plant,1020218,瓶子树,ok,true,,,plant,20218,1020218,Crop_218,0,0,1,Plant,/game-config/seed_images_named/20218_%E7%93%B6%E5%AD%90%E6%A0%91_Crop_218_Seed.png,images/plant_1020218_101f6c45cd.png,local_route
plant:1020220,plant,1020220,猪笼草,ok,true,,,plant,20220,1020220,Crop_220,0,0,1,Plant,/game-config/seed_images_named/20220_%E7%8C%AA%E7%AC%BC%E8%8D%89_Crop_220_Seed.png,images/plant_1020220_216687d4d9.png,local_route
plant:1020221,plant,1020221,天堂鸟,ok,true,,,plant,20221,1020221,Crop_221,0,0,1,Plant,/game-config/seed_images_named/20221_%E5%A4%A9%E5%A0%82%E9%B8%9F_Crop_221_Seed.png,images/plant_1020221_6edfedcd11.png,local_route
plant:1020222,plant,1020222,豹皮花,ok,true,,,plant,20222,1020222,Crop_222,0,0,1,Plant,/game-config/seed_images_named/20222_%E8%B1%B9%E7%9A%AE%E8%8A%B1_Crop_222_Seed.png,images/plant_1020222_e969bcf5cd.png,local_route
plant:1020224,plant,1020224,昙花,ok,true,,,plant,20224,1020224,Crop_224,0,0,1,Plant,/game-config/seed_images_named/Crop_224_Seed.png,images/plant_1020224_4659707d1a.png,local_route
plant:1020225,plant,1020225,宝华玉兰,ok,true,,,plant,20225,1020225,Crop_225,0,0,1,Plant,/game-config/seed_images_named/20225_%E5%AE%9D%E5%8D%8E%E7%8E%89%E5%85%B0_Crop_225_Seed.png,images/plant_1020225_aff9131dbd.png,local_route
plant:1020226,plant,1020226,依米花,ok,true,,,plant,20226,1020226,Crop_226,0,0,1,Plant,/game-config/seed_images_named/20226_%E4%BE%9D%E7%B1%B3%E8%8A%B1_Crop_226_Seed.png,images/plant_1020226_43d8966b7e.png,local_route
plant:1020227,plant,1020227,大王花,ok,true,,,plant,20227,1020227,Crop_227,0,0,1,Plant,/game-config/seed_images_named/20227_%E5%A4%A7%E7%8E%8B%E8%8A%B1_Crop_227_Seed.png,images/plant_1020227_71ffc6b8aa.png,local_route
plant:1020228,plant,1020228,人参果,ok,true,,,plant,20228,1020228,Crop_228,0,0,1,Plant,/game-config/seed_images_named/20228_%E4%BA%BA%E5%8F%82%E6%9E%9C_Crop_228_Seed.png,images/plant_1020228_497ffff4bf.png,local_route
plant:1020229,plant,1020229,何首乌,ok,true,,,plant,20229,1020229,Crop_229,0,0,1,Plant,/game-config/seed_images_named/20229_%E4%BD%95%E9%A6%96%E4%B9%8C_Crop_229_Seed.png,images/plant_1020229_fd8d7c40e1.png,local_route
plant:1020235,plant,1020235,金花茶,ok,true,,,plant,20235,1020235,Crop_235,0,0,1,Plant,/game-config/seed_images_named/20235_%E9%87%91%E8%8A%B1%E8%8C%B6_Crop_235_Seed.png,images/plant_1020235_9544632197.png,local_route
plant:1020242,plant,1020242,似血杜鹃,ok,true,,,plant,20242,1020242,Crop_242,0,0,1,Plant,/game-config/seed_images_named/20242_%E4%BC%BC%E8%A1%80%E6%9D%9C%E9%B9%83_Crop_242_Seed.png,images/plant_1020242_fbc5ebb47d.png,local_route
plant:1020249,plant,1020249,荷包牡丹,ok,true,,,plant,20249,1020249,Crop_249,0,0,1,Plant,/game-config/seed_images_named/Crop_249_Seed.png,images/plant_1020249_fe5742dd23.png,local_route
plant:1020256,plant,1020256,石竹花,ok,true,,,plant,20256,1020256,Crop_256,0,0,1,Plant,/game-config/seed_images_named/Crop_256_Seed.png,images/plant_1020256_ae42f4bea4.png,local_route
plant:1020257,plant,1020257,孔雀草,ok,true,,,plant,20257,1020257,Crop_257,0,0,1,Plant,/game-config/seed_images_named/Crop_257_Seed.png,images/plant_1020257_96d7258134.png,local_route
plant:1020258,plant,1020258,欧石楠,ok,true,,,plant,20258,1020258,Crop_258,0,0,1,Plant,/game-config/seed_images_named/Crop_258_Seed.png,images/plant_1020258_c74debd8e6.png,local_route
plant:1020259,plant,1020259,银莲花,ok,true,,,plant,20259,1020259,Crop_259,0,0,1,Plant,/game-config/seed_images_named/20259_%E9%93%B6%E8%8E%B2%E8%8A%B1_Crop_259_Seed.png,images/plant_1020259_e8c8619ba5.png,local_route
plant:1020261,plant,1020261,针垫花,ok,true,,,plant,20261,1020261,Crop_261,0,0,1,Plant,/game-config/seed_images_named/Crop_261_Seed.png,images/plant_1020261_1ef03a8af8.png,local_route
plant:1020304,plant,1020304,黄金果,ok,true,,,plant,20304,1020304,Crop_304,0,0,1,Plant,/game-config/seed_images_named/Crop_304_Seed.png,images/plant_1020304_daa1733fa4.png,local_route
plant:1020305,plant,1020305,韭菜,ok,true,,,plant,20305,1020305,Crop_305,0,0,1,Plant,/game-config/seed_images_named/20305_%E9%9F%AD%E8%8F%9C_Crop_305_Seed.png,images/plant_1020305_6cca191d4a.png,local_route
plant:1020306,plant,1020306,芹菜,ok,true,,,plant,20306,1020306,Crop_306,0,0,1,Plant,/game-config/seed_images_named/20306_%E8%8A%B9%E8%8F%9C_Crop_306_Seed.png,images/plant_1020306_11abd9fba0.png,local_route
plant:1020308,plant,1020308,核桃,ok,true,,,plant,20308,1020308,Crop_308,0,0,1,Plant,/game-config/seed_images_named/20308_%E6%A0%B8%E6%A1%83_Crop_308_Seed.png,images/plant_1020308_80c6aec510.png,local_route
plant:1020396,plant,1020396,迎春花,ok,true,,,plant,20396,1020396,Crop_396,0,0,1,Plant,/game-config/seed_images_named/20396_%E8%BF%8E%E6%98%A5%E8%8A%B1_Crop_396_Seed.png,images/plant_1020396_3c5c398f8c.png,local_route
plant:1020413,plant,1020413,李子,ok,true,,,plant,20413,1020413,Crop_413,0,0,1,Plant,/game-config/seed_images_named/20413_%E6%9D%8E%E5%AD%90_Crop_413_Seed.png,images/plant_1020413_542a3aead5.png,local_route
plant:1020416,plant,1020416,哈哈南瓜,ok,true,,,plant,20416,1020416,Crop_416,0,0,1,Plant,/game-config/seed_images_named/Crop_416_Seed.png,images/plant_1020416_5fbd534ce6.png,local_route
plant:1020442,plant,1020442,睡莲,ok,true,,,plant,20442,1020442,Crop_442,0,0,1,Plant,/game-config/seed_images_named/20442_%E7%9D%A1%E8%8E%B2_Crop_442_Seed.png,images/plant_1020442_9acd0d7006.png,local_route
plant:1021135,plant,1021135,艾草,ok,true,,,plant,21135,1021135,Crop_1135,0,0,1,Plant,/miniapp-assets-cache/fbecaa419fc21cdecf70d15a0789a2c537edc5ec.png,images/plant_1021135_8bfff2c084.png,local_route
plant:1021542,plant,1021542,新春红包,ok,true,,,plant,21542,1021542,Crop_1542,0,0,1,Plant,/game-config/seed_images_named/21542_%E6%96%B0%E6%98%A5%E7%BA%A2%E5%8C%85_Crop_1542_Seed.png,images/plant_1021542_a378ec6288.png,local_route
plant:1028001,plant,1028001,哈哈南瓜塔,ok,true,,,plant,28001,1028001,Crop_8001,0,0,1,Plant,/miniapp-assets-cache/fb13cf2715beaf3e51533ea73f70fe41143a8677.png,images/plant_1028001_07b3c080fd.png,local_route
plant:1029001,plant,1029001,哈哈小南瓜,ok,true,,,plant,29001,1029001,Crop_9001,0,0,1,Plant,/miniapp-assets-cache/9ea9bdfdb2072e96e1db1eedb16bd6c7db00b39d.png,images/plant_1029001_96e0458ff3.png,local_route
plant:1029998,plant,1029998,哈哈南瓜,ok,true,,,plant,29998,1029998,Crop_9998,0,0,0,dynamic-seed-derived,/game-config/seed_images_named/29998_%E5%93%88%E5%93%88%E5%8D%97%E7%93%9C_Crop_9998_Seed.png,images/plant_1029998_06eac4701b.png,local_route
plant:1029999,plant,1029999,白萝卜,ok,true,,,plant,29999,1029999,Crop_9999,0,0,0,dynamic-seed-derived,/game-config/seed_images_named/29999_%E7%99%BD%E8%90%9D%E5%8D%9C_Crop_2_Seed.png,images/plant_1029999_de77ec1e62.png,local_route
plant:1120025,plant,1120025,黄金·银杏树苗,ok,true,,,plant,120025,1120025,Crop_100025,0,0,1,Plant,/miniapp-assets-cache/31cfe7082bd56bd79739d0de87a87a76b0fe28f7.png,images/plant_1120025_f58ad794f5.png,local_route
plant:1120046,plant,1120046,黄金·爱心果,ok,true,,,plant,120046,1120046,Crop_100046,0,0,1,Plant,/miniapp-assets-cache/1471ec316a3a9d460dc8a5a086283472f16e36a6.png,images/plant_1120046_af40bab77f.png,local_route
plant:1120109,plant,1120109,黄金·蝴蝶兰,ok,true,,,plant,120109,1120109,Crop_100109,0,0,1,Plant,/miniapp-assets-cache/e59363b84d13ae32ad9e3dcf7c2c7e412991cc38.png,images/plant_1120109_82df9ad8a5.png,local_route
plant:1120112,plant,1120112,黄金·风信子,ok,true,,,plant,120112,1120112,Crop_100112,0,0,1,Plant,/miniapp-assets-cache/18884c704a77d124946bc3b36ea53a753559ab2b.png,images/plant_1120112_dfef1da36e.png,local_route
plant:1120121,plant,1120121,黄金·蔷薇,ok,true,,,plant,120121,1120121,Crop_100121,0,0,1,Plant,/miniapp-assets-cache/cffca061d3706a115be584ae9458fd31df0e00a0.png,images/plant_1120121_89fc3561b2.png,local_route
plant:1120184,plant,1120184,黄金·卡特兰,ok,true,,,plant,120184,1120184,Crop_100184,0,0,1,Plant,/miniapp-assets-cache/428f29946514f6317e474316a383491b00bf8c3e.png,images/plant_1120184_cadbbc3963.png,local_route
plant:1120193,plant,1120193,黄金·红云飞片,ok,true,,,plant,120193,1120193,Crop_100193,0,0,1,Plant,/miniapp-assets-cache/ddbffd9ab870d030f4f050739221c217339e7d48.png,images/plant_1120193_faa2409ca3.png,local_route
plant:1120224,plant,1120224,黄金·昙花,ok,true,,,plant,120224,1120224,Crop_100224,0,0,1,Plant,/miniapp-assets-cache/74ae92ef931b78e03a45edeb5c97ee96492dd8fc.png,images/plant_1120224_a37406f090.png,local_route
plant:1120249,plant,1120249,黄金·荷包牡丹,ok,true,,,plant,120249,1120249,Crop_100249,0,0,1,Plant,/miniapp-assets-cache/66fafbf414894e2f59a8dec2f73e491e8762b099.png,images/plant_1120249_d21718ce1c.png,local_route
plant:1120256,plant,1120256,黄金·石竹花,ok,true,,,plant,120256,1120256,Crop_100256,0,0,1,Plant,/miniapp-assets-cache/77eb6199d5403775414ef40b9cd748a290e6e107.png,images/plant_1120256_1fe5aa9eae.png,local_route
plant:1120257,plant,1120257,黄金·孔雀草,ok,true,,,plant,120257,1120257,Crop_100257,0,0,1,Plant,/miniapp-assets-cache/f336904d2f3ba3e79c06c8933caaf67e5985ba28.png,images/plant_1120257_4a05c9de3c.png,local_route
plant:1120258,plant,1120258,黄金·欧石楠,ok,true,,,plant,120258,1120258,Crop_100258,0,0,1,Plant,/miniapp-assets-cache/b4a2ebebc1f5d696a7b94618b91ec4bb7f2b2747.png,images/plant_1120258_50a1f9967f.png,local_route
plant:1120261,plant,1120261,黄金·针垫花,ok,true,,,plant,120261,1120261,Crop_100261,0,0,1,Plant,/miniapp-assets-cache/f1f7fb977eeb80237b9bfd061291ace7de3ace66.png,images/plant_1120261_979d1fba67.png,local_route
plant:1120304,plant,1120304,黄金·黄金果,ok,true,,,plant,120304,1120304,Crop_100304,0,0,1,Plant,/miniapp-assets-cache/a361bad0e01b378a3a602c79f84c53cfa606663b.png,images/plant_1120304_d70da18c6a.png,local_route
plant:1120416,plant,1120416,黄金·哈哈南瓜,ok,true,,,plant,120416,1120416,Crop_100416,0,0,1,Plant,/miniapp-assets-cache/5f943feb8f071ae34050bd0e47077e454040cec2.png,images/plant_1120416_111724d13e.png,local_route
plant:1121135,plant,1121135,黄金·艾草,ok,true,,,plant,121135,1121135,Crop_101135,0,0,1,Plant,/miniapp-assets-cache/fbecaa419fc21cdecf70d15a0789a2c537edc5ec.png,images/plant_1121135_8bfff2c084.png,local_route
plant:1128001,plant,1128001,黄金·哈哈南瓜塔,ok,true,,,plant,128001,1128001,Crop_108001,0,0,1,Plant,/miniapp-assets-cache/15b13f6dd44e28f9db2d02e6ce1fa5a7533767d7.png,images/plant_1128001_35bdd88f1b.png,local_route
plant:1129001,plant,1129001,黄金·哈哈小南瓜,ok,true,,,plant,129001,1129001,Crop_109001,0,0,1,Plant,/miniapp-assets-cache/8e09baf2f13394ba107497f9a3966430842aef46.png,images/plant_1129001_74a1389955.png,local_route
plant:2020002,plant,2020002,白萝卜,ok,true,,,plant,29999,2020002,Crop_9999,0,0,1,Plant,/game-config/seed_images_named/29999_%E7%99%BD%E8%90%9D%E5%8D%9C_Crop_2_Seed.png,images/plant_2020002_de77ec1e62.png,local_route
plant:2029998,plant,2029998,哈哈南瓜,ok,true,,,plant,29998,2029998,Crop_9998,0,0,1,Plant,/game-config/seed_images_named/29998_%E5%93%88%E5%93%88%E5%8D%97%E7%93%9C_Crop_9998_Seed.png,images/plant_2029998_06eac4701b.png,local_route
